/usr/bin/clang -c  -DNDEBUG -g -fwrapv -O3 -Wall -O2 -O2  -std=c11 -Werror=implicit-function-declaration -fvisibility=hidden  -I./Include/internal  -I. -I./Include    -DPy_BUILD_CORE -o Programs/python.o ./Programs/python.c
/usr/bin/clang -c  -DNDEBUG -g -fwrapv -O3 -Wall -O2 -O2  -std=c11 -Werror=implicit-function-declaration -fvisibility=hidden  -I./Include/internal  -I. -I./Include    -DPy_BUILD_CORE -o Parser/token.o Parser/token.c
/usr/bin/clang -c  -DNDEBUG -g -fwrapv -O3 -Wall -O2 -O2  -std=c11 -Werror=implicit-function-declaration -fvisibility=hidden  -I./Include/internal  -I. -I./Include    -DPy_BUILD_CORE -o Parser/pegen.o Parser/pegen.c
/usr/bin/clang -c  -DNDEBUG -g -fwrapv -O3 -Wall -O2 -O2  -std=c11 -Werror=implicit-function-declaration -fvisibility=hidden  -I./Include/internal  -I. -I./Include    -DPy_BUILD_CORE -o Parser/pegen_errors.o Parser/pegen_errors.c
/usr/bin/clang -c  -DNDEBUG -g -fwrapv -O3 -Wall -O2 -O2  -std=c11 -Werror=implicit-function-declaration -fvisibility=hidden  -I./Include/internal  -I. -I./Include    -DPy_BUILD_CORE -o Parser/action_helpers.o Parser/action_helpers.c
/usr/bin/clang -c  -DNDEBUG -g -fwrapv -O3 -Wall -O2 -O2  -std=c11 -Werror=implicit-function-declaration -fvisibility=hidden  -I./Include/internal  -I. -I./Include    -DPy_BUILD_CORE -o Parser/parser.o Parser/parser.c
/usr/bin/clang -c  -DNDEBUG -g -fwrapv -O3 -Wall -O2 -O2  -std=c11 -Werror=implicit-function-declaration -fvisibility=hidden  -I./Include/internal  -I. -I./Include    -DPy_BUILD_CORE -o Parser/string_parser.o Parser/string_parser.c
/usr/bin/clang -c  -DNDEBUG -g -fwrapv -O3 -Wall -O2 -O2  -std=c11 -Werror=implicit-function-declaration -fvisibility=hidden  -I./Include/internal  -I. -I./Include    -DPy_BUILD_CORE -o Parser/peg_api.o Parser/peg_api.c
/usr/bin/clang -c  -DNDEBUG -g -fwrapv -O3 -Wall -O2 -O2  -std=c11 -Werror=implicit-function-declaration -fvisibility=hidden  -I./Include/internal  -I. -I./Include    -DPy_BUILD_CORE -o Parser/myreadline.o Parser/myreadline.c
/usr/bin/clang -c  -DNDEBUG -g -fwrapv -O3 -Wall -O2 -O2  -std=c11 -Werror=implicit-function-declaration -fvisibility=hidden  -I./Include/internal  -I. -I./Include    -DPy_BUILD_CORE -o Parser/tokenizer.o Parser/tokenizer.c
/usr/bin/clang -c  -DNDEBUG -g -fwrapv -O3 -Wall -O2 -O2  -std=c11 -Werror=implicit-function-declaration -fvisibility=hidden  -I./Include/internal  -I. -I./Include    -DPy_BUILD_CORE -o Objects/abstract.o Objects/abstract.c
/usr/bin/clang -c  -DNDEBUG -g -fwrapv -O3 -Wall -O2 -O2  -std=c11 -Werror=implicit-function-declaration -fvisibility=hidden  -I./Include/internal  -I. -I./Include    -DPy_BUILD_CORE -o Objects/accu.o Objects/accu.c
/usr/bin/clang -c  -DNDEBUG -g -fwrapv -O3 -Wall -O2 -O2  -std=c11 -Werror=implicit-function-declaration -fvisibility=hidden  -I./Include/internal  -I. -I./Include    -DPy_BUILD_CORE -o Objects/boolobject.o Objects/boolobject.c
/usr/bin/clang -c  -DNDEBUG -g -fwrapv -O3 -Wall -O2 -O2  -std=c11 -Werror=implicit-function-declaration -fvisibility=hidden  -I./Include/internal  -I. -I./Include    -DPy_BUILD_CORE -o Objects/bytes_methods.o Objects/bytes_methods.c
/usr/bin/clang -c  -DNDEBUG -g -fwrapv -O3 -Wall -O2 -O2  -std=c11 -Werror=implicit-function-declaration -fvisibility=hidden  -I./Include/internal  -I. -I./Include    -DPy_BUILD_CORE -o Objects/bytearrayobject.o Objects/bytearrayobject.c
/usr/bin/clang -c  -DNDEBUG -g -fwrapv -O3 -Wall -O2 -O2  -std=c11 -Werror=implicit-function-declaration -fvisibility=hidden  -I./Include/internal  -I. -I./Include    -DPy_BUILD_CORE -o Objects/bytesobject.o Objects/bytesobject.c
/usr/bin/clang -c  -DNDEBUG -g -fwrapv -O3 -Wall -O2 -O2  -std=c11 -Werror=implicit-function-declaration -fvisibility=hidden  -I./Include/internal  -I. -I./Include    -DPy_BUILD_CORE -o Objects/call.o Objects/call.c
/usr/bin/clang -c  -DNDEBUG -g -fwrapv -O3 -Wall -O2 -O2  -std=c11 -Werror=implicit-function-declaration -fvisibility=hidden  -I./Include/internal  -I. -I./Include    -DPy_BUILD_CORE -o Objects/capsule.o Objects/capsule.c
/usr/bin/clang -c  -DNDEBUG -g -fwrapv -O3 -Wall -O2 -O2  -std=c11 -Werror=implicit-function-declaration -fvisibility=hidden  -I./Include/internal  -I. -I./Include    -DPy_BUILD_CORE -o Objects/cellobject.o Objects/cellobject.c
/usr/bin/clang -c  -DNDEBUG -g -fwrapv -O3 -Wall -O2 -O2  -std=c11 -Werror=implicit-function-declaration -fvisibility=hidden  -I./Include/internal  -I. -I./Include    -DPy_BUILD_CORE -o Objects/classobject.o Objects/classobject.c
/usr/bin/clang -c  -DNDEBUG -g -fwrapv -O3 -Wall -O2 -O2  -std=c11 -Werror=implicit-function-declaration -fvisibility=hidden  -I./Include/internal  -I. -I./Include    -DPy_BUILD_CORE -o Objects/codeobject.o Objects/codeobject.c
/usr/bin/clang -c  -DNDEBUG -g -fwrapv -O3 -Wall -O2 -O2  -std=c11 -Werror=implicit-function-declaration -fvisibility=hidden  -I./Include/internal  -I. -I./Include    -DPy_BUILD_CORE -o Objects/complexobject.o Objects/complexobject.c
/usr/bin/clang -c  -DNDEBUG -g -fwrapv -O3 -Wall -O2 -O2  -std=c11 -Werror=implicit-function-declaration -fvisibility=hidden  -I./Include/internal  -I. -I./Include    -DPy_BUILD_CORE -o Objects/descrobject.o Objects/descrobject.c
/usr/bin/clang -c  -DNDEBUG -g -fwrapv -O3 -Wall -O2 -O2  -std=c11 -Werror=implicit-function-declaration -fvisibility=hidden  -I./Include/internal  -I. -I./Include    -DPy_BUILD_CORE -o Objects/enumobject.o Objects/enumobject.c
/usr/bin/clang -c  -DNDEBUG -g -fwrapv -O3 -Wall -O2 -O2  -std=c11 -Werror=implicit-function-declaration -fvisibility=hidden  -I./Include/internal  -I. -I./Include    -DPy_BUILD_CORE -o Objects/exceptions.o Objects/exceptions.c
/usr/bin/clang -c  -DNDEBUG -g -fwrapv -O3 -Wall -O2 -O2  -std=c11 -Werror=implicit-function-declaration -fvisibility=hidden  -I./Include/internal  -I. -I./Include    -DPy_BUILD_CORE -o Objects/genericaliasobject.o Objects/genericaliasobject.c
/usr/bin/clang -c  -DNDEBUG -g -fwrapv -O3 -Wall -O2 -O2  -std=c11 -Werror=implicit-function-declaration -fvisibility=hidden  -I./Include/internal  -I. -I./Include    -DPy_BUILD_CORE -o Objects/genobject.o Objects/genobject.c
/usr/bin/clang -c  -DNDEBUG -g -fwrapv -O3 -Wall -O2 -O2  -std=c11 -Werror=implicit-function-declaration -fvisibility=hidden  -I./Include/internal  -I. -I./Include    -DPy_BUILD_CORE -o Objects/fileobject.o Objects/fileobject.c
/usr/bin/clang -c  -DNDEBUG -g -fwrapv -O3 -Wall -O2 -O2  -std=c11 -Werror=implicit-function-declaration -fvisibility=hidden  -I./Include/internal  -I. -I./Include    -DPy_BUILD_CORE -o Objects/floatobject.o Objects/floatobject.c
/usr/bin/clang -c  -DNDEBUG -g -fwrapv -O3 -Wall -O2 -O2  -std=c11 -Werror=implicit-function-declaration -fvisibility=hidden  -I./Include/internal  -I. -I./Include    -DPy_BUILD_CORE -o Objects/frameobject.o Objects/frameobject.c
/usr/bin/clang -c  -DNDEBUG -g -fwrapv -O3 -Wall -O2 -O2  -std=c11 -Werror=implicit-function-declaration -fvisibility=hidden  -I./Include/internal  -I. -I./Include    -DPy_BUILD_CORE -o Objects/funcobject.o Objects/funcobject.c
/usr/bin/clang -c  -DNDEBUG -g -fwrapv -O3 -Wall -O2 -O2  -std=c11 -Werror=implicit-function-declaration -fvisibility=hidden  -I./Include/internal  -I. -I./Include    -DPy_BUILD_CORE -o Objects/interpreteridobject.o Objects/interpreteridobject.c
/usr/bin/clang -c  -DNDEBUG -g -fwrapv -O3 -Wall -O2 -O2  -std=c11 -Werror=implicit-function-declaration -fvisibility=hidden  -I./Include/internal  -I. -I./Include    -DPy_BUILD_CORE -o Objects/iterobject.o Objects/iterobject.c
/usr/bin/clang -c  -DNDEBUG -g -fwrapv -O3 -Wall -O2 -O2  -std=c11 -Werror=implicit-function-declaration -fvisibility=hidden  -I./Include/internal  -I. -I./Include    -DPy_BUILD_CORE -o Objects/listobject.o Objects/listobject.c
/usr/bin/clang -c  -DNDEBUG -g -fwrapv -O3 -Wall -O2 -O2  -std=c11 -Werror=implicit-function-declaration -fvisibility=hidden  -I./Include/internal  -I. -I./Include    -DPy_BUILD_CORE -o Objects/longobject.o Objects/longobject.c
/usr/bin/clang -c  -DNDEBUG -g -fwrapv -O3 -Wall -O2 -O2  -std=c11 -Werror=implicit-function-declaration -fvisibility=hidden  -I./Include/internal  -I. -I./Include    -DPy_BUILD_CORE -o Objects/dictobject.o Objects/dictobject.c
/usr/bin/clang -c  -DNDEBUG -g -fwrapv -O3 -Wall -O2 -O2  -std=c11 -Werror=implicit-function-declaration -fvisibility=hidden  -I./Include/internal  -I. -I./Include    -DPy_BUILD_CORE -o Objects/odictobject.o Objects/odictobject.c
/usr/bin/clang -c  -DNDEBUG -g -fwrapv -O3 -Wall -O2 -O2  -std=c11 -Werror=implicit-function-declaration -fvisibility=hidden  -I./Include/internal  -I. -I./Include    -DPy_BUILD_CORE -o Objects/memoryobject.o Objects/memoryobject.c
/usr/bin/clang -c  -DNDEBUG -g -fwrapv -O3 -Wall -O2 -O2  -std=c11 -Werror=implicit-function-declaration -fvisibility=hidden  -I./Include/internal  -I. -I./Include    -DPy_BUILD_CORE -o Objects/methodobject.o Objects/methodobject.c
/usr/bin/clang -c  -DNDEBUG -g -fwrapv -O3 -Wall -O2 -O2  -std=c11 -Werror=implicit-function-declaration -fvisibility=hidden  -I./Include/internal  -I. -I./Include    -DPy_BUILD_CORE -o Objects/moduleobject.o Objects/moduleobject.c
/usr/bin/clang -c  -DNDEBUG -g -fwrapv -O3 -Wall -O2 -O2  -std=c11 -Werror=implicit-function-declaration -fvisibility=hidden  -I./Include/internal  -I. -I./Include    -DPy_BUILD_CORE -o Objects/namespaceobject.o Objects/namespaceobject.c
/usr/bin/clang -c  -DNDEBUG -g -fwrapv -O3 -Wall -O2 -O2  -std=c11 -Werror=implicit-function-declaration -fvisibility=hidden  -I./Include/internal  -I. -I./Include    -DPy_BUILD_CORE -o Objects/object.o Objects/object.c
/usr/bin/clang -c  -DNDEBUG -g -fwrapv -O3 -Wall -O2 -O2  -std=c11 -Werror=implicit-function-declaration -fvisibility=hidden  -I./Include/internal  -I. -I./Include    -DPy_BUILD_CORE -o Objects/obmalloc.o Objects/obmalloc.c
/usr/bin/clang -c  -DNDEBUG -g -fwrapv -O3 -Wall -O2 -O2  -std=c11 -Werror=implicit-function-declaration -fvisibility=hidden  -I./Include/internal  -I. -I./Include    -DPy_BUILD_CORE -o Objects/picklebufobject.o Objects/picklebufobject.c
/usr/bin/clang -c  -DNDEBUG -g -fwrapv -O3 -Wall -O2 -O2  -std=c11 -Werror=implicit-function-declaration -fvisibility=hidden  -I./Include/internal  -I. -I./Include    -DPy_BUILD_CORE -o Objects/rangeobject.o Objects/rangeobject.c
/usr/bin/clang -c  -DNDEBUG -g -fwrapv -O3 -Wall -O2 -O2  -std=c11 -Werror=implicit-function-declaration -fvisibility=hidden  -I./Include/internal  -I. -I./Include    -DPy_BUILD_CORE -o Objects/setobject.o Objects/setobject.c
/usr/bin/clang -c  -DNDEBUG -g -fwrapv -O3 -Wall -O2 -O2  -std=c11 -Werror=implicit-function-declaration -fvisibility=hidden  -I./Include/internal  -I. -I./Include    -DPy_BUILD_CORE -o Objects/sliceobject.o Objects/sliceobject.c
/usr/bin/clang -c  -DNDEBUG -g -fwrapv -O3 -Wall -O2 -O2  -std=c11 -Werror=implicit-function-declaration -fvisibility=hidden  -I./Include/internal  -I. -I./Include    -DPy_BUILD_CORE -o Objects/structseq.o Objects/structseq.c
/usr/bin/clang -c  -DNDEBUG -g -fwrapv -O3 -Wall -O2 -O2  -std=c11 -Werror=implicit-function-declaration -fvisibility=hidden  -I./Include/internal  -I. -I./Include    -DPy_BUILD_CORE -o Objects/tupleobject.o Objects/tupleobject.c
/usr/bin/clang -c  -DNDEBUG -g -fwrapv -O3 -Wall -O2 -O2  -std=c11 -Werror=implicit-function-declaration -fvisibility=hidden  -I./Include/internal  -I. -I./Include    -DPy_BUILD_CORE -o Objects/typeobject.o Objects/typeobject.c
/usr/bin/clang -c  -DNDEBUG -g -fwrapv -O3 -Wall -O2 -O2  -std=c11 -Werror=implicit-function-declaration -fvisibility=hidden  -I./Include/internal  -I. -I./Include    -DPy_BUILD_CORE -o Objects/unicodeobject.o Objects/unicodeobject.c
/usr/bin/clang -c  -DNDEBUG -g -fwrapv -O3 -Wall -O2 -O2  -std=c11 -Werror=implicit-function-declaration -fvisibility=hidden  -I./Include/internal  -I. -I./Include    -DPy_BUILD_CORE -o Objects/unicodectype.o Objects/unicodectype.c
/usr/bin/clang -c  -DNDEBUG -g -fwrapv -O3 -Wall -O2 -O2  -std=c11 -Werror=implicit-function-declaration -fvisibility=hidden  -I./Include/internal  -I. -I./Include    -DPy_BUILD_CORE -o Objects/unionobject.o Objects/unionobject.c
/usr/bin/clang -c  -DNDEBUG -g -fwrapv -O3 -Wall -O2 -O2  -std=c11 -Werror=implicit-function-declaration -fvisibility=hidden  -I./Include/internal  -I. -I./Include    -DPy_BUILD_CORE -o Objects/weakrefobject.o Objects/weakrefobject.c
/usr/bin/clang -c  -DNDEBUG -g -fwrapv -O3 -Wall -O2 -O2  -std=c11 -Werror=implicit-function-declaration -fvisibility=hidden  -I./Include/internal  -I. -I./Include    -DPy_BUILD_CORE -o Python/_warnings.o Python/_warnings.c
/usr/bin/clang -c  -DNDEBUG -g -fwrapv -O3 -Wall -O2 -O2  -std=c11 -Werror=implicit-function-declaration -fvisibility=hidden  -I./Include/internal  -I. -I./Include    -DPy_BUILD_CORE -o Python/Python-ast.o Python/Python-ast.c
/usr/bin/clang -c  -DNDEBUG -g -fwrapv -O3 -Wall -O2 -O2  -std=c11 -Werror=implicit-function-declaration -fvisibility=hidden  -I./Include/internal  -I. -I./Include    -DPy_BUILD_CORE -o Python/Python-tokenize.o Python/Python-tokenize.c
/usr/bin/clang -c  -DNDEBUG -g -fwrapv -O3 -Wall -O2 -O2  -std=c11 -Werror=implicit-function-declaration -fvisibility=hidden  -I./Include/internal  -I. -I./Include    -DPy_BUILD_CORE -o Python/asdl.o Python/asdl.c
/usr/bin/clang -c  -DNDEBUG -g -fwrapv -O3 -Wall -O2 -O2  -std=c11 -Werror=implicit-function-declaration -fvisibility=hidden  -I./Include/internal  -I. -I./Include    -DPy_BUILD_CORE -o Python/ast.o Python/ast.c
/usr/bin/clang -c  -DNDEBUG -g -fwrapv -O3 -Wall -O2 -O2  -std=c11 -Werror=implicit-function-declaration -fvisibility=hidden  -I./Include/internal  -I. -I./Include    -DPy_BUILD_CORE -o Python/ast_opt.o Python/ast_opt.c
/usr/bin/clang -c  -DNDEBUG -g -fwrapv -O3 -Wall -O2 -O2  -std=c11 -Werror=implicit-function-declaration -fvisibility=hidden  -I./Include/internal  -I. -I./Include    -DPy_BUILD_CORE -o Python/ast_unparse.o Python/ast_unparse.c
/usr/bin/clang -c  -DNDEBUG -g -fwrapv -O3 -Wall -O2 -O2  -std=c11 -Werror=implicit-function-declaration -fvisibility=hidden  -I./Include/internal  -I. -I./Include    -DPy_BUILD_CORE -o Python/bltinmodule.o Python/bltinmodule.c
/usr/bin/clang -c  -DNDEBUG -g -fwrapv -O3 -Wall -O2 -O2  -std=c11 -Werror=implicit-function-declaration -fvisibility=hidden  -I./Include/internal  -I. -I./Include    -DPy_BUILD_CORE -o Python/ceval.o Python/ceval.c
/usr/bin/clang -c  -DNDEBUG -g -fwrapv -O3 -Wall -O2 -O2  -std=c11 -Werror=implicit-function-declaration -fvisibility=hidden  -I./Include/internal  -I. -I./Include    -DPy_BUILD_CORE -o Python/codecs.o Python/codecs.c
/usr/bin/clang -c  -DNDEBUG -g -fwrapv -O3 -Wall -O2 -O2  -std=c11 -Werror=implicit-function-declaration -fvisibility=hidden  -I./Include/internal  -I. -I./Include    -DPy_BUILD_CORE -o Python/compile.o Python/compile.c
/usr/bin/clang -c  -DNDEBUG -g -fwrapv -O3 -Wall -O2 -O2  -std=c11 -Werror=implicit-function-declaration -fvisibility=hidden  -I./Include/internal  -I. -I./Include    -DPy_BUILD_CORE -o Python/context.o Python/context.c
/usr/bin/clang -c  -DNDEBUG -g -fwrapv -O3 -Wall -O2 -O2  -std=c11 -Werror=implicit-function-declaration -fvisibility=hidden  -I./Include/internal  -I. -I./Include    -DPy_BUILD_CORE -o Python/dynamic_annotations.o Python/dynamic_annotations.c
/usr/bin/clang -c  -DNDEBUG -g -fwrapv -O3 -Wall -O2 -O2  -std=c11 -Werror=implicit-function-declaration -fvisibility=hidden  -I./Include/internal  -I. -I./Include    -DPy_BUILD_CORE -o Python/errors.o Python/errors.c
/usr/bin/clang -c  -DNDEBUG -g -fwrapv -O3 -Wall -O2 -O2  -std=c11 -Werror=implicit-function-declaration -fvisibility=hidden  -I./Include/internal  -I. -I./Include    -DPy_BUILD_CORE -o Python/frame.o Python/frame.c
/usr/bin/clang -c  -DNDEBUG -g -fwrapv -O3 -Wall -O2 -O2  -std=c11 -Werror=implicit-function-declaration -fvisibility=hidden  -I./Include/internal  -I. -I./Include    -DPy_BUILD_CORE -o Python/frozenmain.o Python/frozenmain.c
/usr/bin/clang -c  -DNDEBUG -g -fwrapv -O3 -Wall -O2 -O2  -std=c11 -Werror=implicit-function-declaration -fvisibility=hidden  -I./Include/internal  -I. -I./Include    -DPy_BUILD_CORE -o Python/future.o Python/future.c
/usr/bin/clang -c  -DNDEBUG -g -fwrapv -O3 -Wall -O2 -O2  -std=c11 -Werror=implicit-function-declaration -fvisibility=hidden  -I./Include/internal  -I. -I./Include    -DPy_BUILD_CORE -o Python/getargs.o Python/getargs.c
/usr/bin/clang -c  -DNDEBUG -g -fwrapv -O3 -Wall -O2 -O2  -std=c11 -Werror=implicit-function-declaration -fvisibility=hidden  -I./Include/internal  -I. -I./Include    -DPy_BUILD_CORE -o Python/getcompiler.o Python/getcompiler.c
/usr/bin/clang -c  -DNDEBUG -g -fwrapv -O3 -Wall -O2 -O2  -std=c11 -Werror=implicit-function-declaration -fvisibility=hidden  -I./Include/internal  -I. -I./Include    -DPy_BUILD_CORE -o Python/getcopyright.o Python/getcopyright.c
/usr/bin/clang -c  -DNDEBUG -g -fwrapv -O3 -Wall -O2 -O2  -std=c11 -Werror=implicit-function-declaration -fvisibility=hidden  -I./Include/internal  -I. -I./Include    -DPy_BUILD_CORE -DPLATFORM='"darwin"' -o Python/getplatform.o ./Python/getplatform.c
/usr/bin/clang -c  -DNDEBUG -g -fwrapv -O3 -Wall -O2 -O2  -std=c11 -Werror=implicit-function-declaration -fvisibility=hidden  -I./Include/internal  -I. -I./Include    -DPy_BUILD_CORE -o Python/getversion.o Python/getversion.c
/usr/bin/clang -c  -DNDEBUG -g -fwrapv -O3 -Wall -O2 -O2  -std=c11 -Werror=implicit-function-declaration -fvisibility=hidden  -I./Include/internal  -I. -I./Include    -DPy_BUILD_CORE -o Python/hamt.o Python/hamt.c
/usr/bin/clang -c  -DNDEBUG -g -fwrapv -O3 -Wall -O2 -O2  -std=c11 -Werror=implicit-function-declaration -fvisibility=hidden  -I./Include/internal  -I. -I./Include    -DPy_BUILD_CORE -o Python/hashtable.o Python/hashtable.c
/usr/bin/clang -c  -DNDEBUG -g -fwrapv -O3 -Wall -O2 -O2  -std=c11 -Werror=implicit-function-declaration -fvisibility=hidden  -I./Include/internal  -I. -I./Include    -DPy_BUILD_CORE -o Python/import.o Python/import.c
/usr/bin/clang -c  -DNDEBUG -g -fwrapv -O3 -Wall -O2 -O2  -std=c11 -Werror=implicit-function-declaration -fvisibility=hidden  -I./Include/internal  -I. -I./Include    -DPy_BUILD_CORE -I. -o Python/importdl.o ./Python/importdl.c
/usr/bin/clang -c  -DNDEBUG -g -fwrapv -O3 -Wall -O2 -O2  -std=c11 -Werror=implicit-function-declaration -fvisibility=hidden  -I./Include/internal  -I. -I./Include    -DPy_BUILD_CORE -o Python/initconfig.o Python/initconfig.c
/usr/bin/clang -c  -DNDEBUG -g -fwrapv -O3 -Wall -O2 -O2  -std=c11 -Werror=implicit-function-declaration -fvisibility=hidden  -I./Include/internal  -I. -I./Include    -DPy_BUILD_CORE -o Python/marshal.o Python/marshal.c
/usr/bin/clang -c  -DNDEBUG -g -fwrapv -O3 -Wall -O2 -O2  -std=c11 -Werror=implicit-function-declaration -fvisibility=hidden  -I./Include/internal  -I. -I./Include    -DPy_BUILD_CORE -o Python/modsupport.o Python/modsupport.c
/usr/bin/clang -c  -DNDEBUG -g -fwrapv -O3 -Wall -O2 -O2  -std=c11 -Werror=implicit-function-declaration -fvisibility=hidden  -I./Include/internal  -I. -I./Include    -DPy_BUILD_CORE -o Python/mysnprintf.o Python/mysnprintf.c
/usr/bin/clang -c  -DNDEBUG -g -fwrapv -O3 -Wall -O2 -O2  -std=c11 -Werror=implicit-function-declaration -fvisibility=hidden  -I./Include/internal  -I. -I./Include    -DPy_BUILD_CORE -o Python/mystrtoul.o Python/mystrtoul.c
/usr/bin/clang -c  -DNDEBUG -g -fwrapv -O3 -Wall -O2 -O2  -std=c11 -Werror=implicit-function-declaration -fvisibility=hidden  -I./Include/internal  -I. -I./Include    -DPy_BUILD_CORE -o Python/pathconfig.o Python/pathconfig.c
/usr/bin/clang -c  -DNDEBUG -g -fwrapv -O3 -Wall -O2 -O2  -std=c11 -Werror=implicit-function-declaration -fvisibility=hidden  -I./Include/internal  -I. -I./Include    -DPy_BUILD_CORE -o Python/preconfig.o Python/preconfig.c
/usr/bin/clang -c  -DNDEBUG -g -fwrapv -O3 -Wall -O2 -O2  -std=c11 -Werror=implicit-function-declaration -fvisibility=hidden  -I./Include/internal  -I. -I./Include    -DPy_BUILD_CORE -o Python/pyarena.o Python/pyarena.c
/usr/bin/clang -c  -DNDEBUG -g -fwrapv -O3 -Wall -O2 -O2  -std=c11 -Werror=implicit-function-declaration -fvisibility=hidden  -I./Include/internal  -I. -I./Include    -DPy_BUILD_CORE -o Python/pyctype.o Python/pyctype.c
/usr/bin/clang -c  -DNDEBUG -g -fwrapv -O3 -Wall -O2 -O2  -std=c11 -Werror=implicit-function-declaration -fvisibility=hidden  -I./Include/internal  -I. -I./Include    -DPy_BUILD_CORE -o Python/pyfpe.o Python/pyfpe.c
/usr/bin/clang -c  -DNDEBUG -g -fwrapv -O3 -Wall -O2 -O2  -std=c11 -Werror=implicit-function-declaration -fvisibility=hidden  -I./Include/internal  -I. -I./Include    -DPy_BUILD_CORE -o Python/pyhash.o Python/pyhash.c
/usr/bin/clang -c  -DNDEBUG -g -fwrapv -O3 -Wall -O2 -O2  -std=c11 -Werror=implicit-function-declaration -fvisibility=hidden  -I./Include/internal  -I. -I./Include    -DPy_BUILD_CORE -o Python/pylifecycle.o Python/pylifecycle.c
/usr/bin/clang -c  -DNDEBUG -g -fwrapv -O3 -Wall -O2 -O2  -std=c11 -Werror=implicit-function-declaration -fvisibility=hidden  -I./Include/internal  -I. -I./Include    -DPy_BUILD_CORE -o Python/pymath.o Python/pymath.c
/usr/bin/clang -c  -DNDEBUG -g -fwrapv -O3 -Wall -O2 -O2  -std=c11 -Werror=implicit-function-declaration -fvisibility=hidden  -I./Include/internal  -I. -I./Include    -DPy_BUILD_CORE -o Python/pystate.o Python/pystate.c
/usr/bin/clang -c  -DNDEBUG -g -fwrapv -O3 -Wall -O2 -O2  -std=c11 -Werror=implicit-function-declaration -fvisibility=hidden  -I./Include/internal  -I. -I./Include    -DPy_BUILD_CORE -o Python/pythonrun.o Python/pythonrun.c
/usr/bin/clang -c  -DNDEBUG -g -fwrapv -O3 -Wall -O2 -O2  -std=c11 -Werror=implicit-function-declaration -fvisibility=hidden  -I./Include/internal  -I. -I./Include    -DPy_BUILD_CORE -o Python/pytime.o Python/pytime.c
/usr/bin/clang -c  -DNDEBUG -g -fwrapv -O3 -Wall -O2 -O2  -std=c11 -Werror=implicit-function-declaration -fvisibility=hidden  -I./Include/internal  -I. -I./Include    -DPy_BUILD_CORE -o Python/bootstrap_hash.o Python/bootstrap_hash.c
/usr/bin/clang -c  -DNDEBUG -g -fwrapv -O3 -Wall -O2 -O2  -std=c11 -Werror=implicit-function-declaration -fvisibility=hidden  -I./Include/internal  -I. -I./Include    -DPy_BUILD_CORE -o Python/specialize.o Python/specialize.c
/usr/bin/clang -c  -DNDEBUG -g -fwrapv -O3 -Wall -O2 -O2  -std=c11 -Werror=implicit-function-declaration -fvisibility=hidden  -I./Include/internal  -I. -I./Include    -DPy_BUILD_CORE -o Python/structmember.o Python/structmember.c
/usr/bin/clang -c  -DNDEBUG -g -fwrapv -O3 -Wall -O2 -O2  -std=c11 -Werror=implicit-function-declaration -fvisibility=hidden  -I./Include/internal  -I. -I./Include    -DPy_BUILD_CORE -o Python/symtable.o Python/symtable.c
/usr/bin/clang -c  -DNDEBUG -g -fwrapv -O3 -Wall -O2 -O2  -std=c11 -Werror=implicit-function-declaration -fvisibility=hidden  -I./Include/internal  -I. -I./Include    -DPy_BUILD_CORE \
		-DABIFLAGS='""' \
		-DMULTIARCH=\"darwin\" \
		-o Python/sysmodule.o ./Python/sysmodule.c
/usr/bin/clang -c  -DNDEBUG -g -fwrapv -O3 -Wall -O2 -O2  -std=c11 -Werror=implicit-function-declaration -fvisibility=hidden  -I./Include/internal  -I. -I./Include    -DPy_BUILD_CORE -o Python/thread.o Python/thread.c
/usr/bin/clang -c  -DNDEBUG -g -fwrapv -O3 -Wall -O2 -O2  -std=c11 -Werror=implicit-function-declaration -fvisibility=hidden  -I./Include/internal  -I. -I./Include    -DPy_BUILD_CORE -o Python/traceback.o Python/traceback.c
/usr/bin/clang -c  -DNDEBUG -g -fwrapv -O3 -Wall -O2 -O2  -std=c11 -Werror=implicit-function-declaration -fvisibility=hidden  -I./Include/internal  -I. -I./Include    -DPy_BUILD_CORE -o Python/getopt.o Python/getopt.c
/usr/bin/clang -c  -DNDEBUG -g -fwrapv -O3 -Wall -O2 -O2  -std=c11 -Werror=implicit-function-declaration -fvisibility=hidden  -I./Include/internal  -I. -I./Include    -DPy_BUILD_CORE -o Python/pystrcmp.o Python/pystrcmp.c
/usr/bin/clang -c  -DNDEBUG -g -fwrapv -O3 -Wall -O2 -O2  -std=c11 -Werror=implicit-function-declaration -fvisibility=hidden  -I./Include/internal  -I. -I./Include    -DPy_BUILD_CORE -o Python/pystrtod.o Python/pystrtod.c
/usr/bin/clang -c  -DNDEBUG -g -fwrapv -O3 -Wall -O2 -O2  -std=c11 -Werror=implicit-function-declaration -fvisibility=hidden  -I./Include/internal  -I. -I./Include    -DPy_BUILD_CORE -o Python/pystrhex.o Python/pystrhex.c
/usr/bin/clang -c  -DNDEBUG -g -fwrapv -O3 -Wall -O2 -O2  -std=c11 -Werror=implicit-function-declaration -fvisibility=hidden  -I./Include/internal  -I. -I./Include    -DPy_BUILD_CORE -fno-strict-aliasing -o Python/dtoa.o Python/dtoa.c
/usr/bin/clang -c  -DNDEBUG -g -fwrapv -O3 -Wall -O2 -O2  -std=c11 -Werror=implicit-function-declaration -fvisibility=hidden  -I./Include/internal  -I. -I./Include    -DPy_BUILD_CORE -o Python/formatter_unicode.o Python/formatter_unicode.c
/usr/bin/clang -c  -DNDEBUG -g -fwrapv -O3 -Wall -O2 -O2  -std=c11 -Werror=implicit-function-declaration -fvisibility=hidden  -I./Include/internal  -I. -I./Include    -DPy_BUILD_CORE -o Python/fileutils.o Python/fileutils.c
/usr/bin/clang -c  -DNDEBUG -g -fwrapv -O3 -Wall -O2 -O2  -std=c11 -Werror=implicit-function-declaration -fvisibility=hidden  -I./Include/internal  -I. -I./Include    -DPy_BUILD_CORE -o Python/suggestions.o Python/suggestions.c
/usr/bin/clang -c  -DNDEBUG -g -fwrapv -O3 -Wall -O2 -O2  -std=c11 -Werror=implicit-function-declaration -fvisibility=hidden  -I./Include/internal  -I. -I./Include    -DPy_BUILD_CORE \
		-DSOABI='"cpython-311-darwin"' \
		-o Python/dynload_shlib.o ./Python/dynload_shlib.c
/usr/bin/clang -c  -DNDEBUG -g -fwrapv -O3 -Wall -O2 -O2  -std=c11 -Werror=implicit-function-declaration -fvisibility=hidden  -I./Include/internal  -I. -I./Include    -DPy_BUILD_CORE -o Modules/config.o Modules/config.c
/usr/bin/clang -c  -DNDEBUG -g -fwrapv -O3 -Wall -O2 -O2  -std=c11 -Werror=implicit-function-declaration -fvisibility=hidden  -I./Include/internal  -I. -I./Include    -DPy_BUILD_CORE -o Modules/main.o Modules/main.c
/usr/bin/clang -c  -DNDEBUG -g -fwrapv -O3 -Wall -O2 -O2  -std=c11 -Werror=implicit-function-declaration -fvisibility=hidden  -I./Include/internal  -I. -I./Include    -DPy_BUILD_CORE -o Modules/gcmodule.o Modules/gcmodule.c
/usr/bin/clang   -DNDEBUG -g -fwrapv -O3 -Wall -O2 -O2  -std=c11 -Werror=implicit-function-declaration -fvisibility=hidden  -I./Include/internal  -I. -I./Include    -DPy_BUILD_CORE_BUILTIN -c ./Modules/atexitmodule.c -o Modules/atexitmodule.o
/usr/bin/clang   -DNDEBUG -g -fwrapv -O3 -Wall -O2 -O2  -std=c11 -Werror=implicit-function-declaration -fvisibility=hidden  -I./Include/internal  -I. -I./Include    -DPy_BUILD_CORE_BUILTIN -c ./Modules/faulthandler.c -o Modules/faulthandler.o
/usr/bin/clang   -DNDEBUG -g -fwrapv -O3 -Wall -O2 -O2  -std=c11 -Werror=implicit-function-declaration -fvisibility=hidden  -I./Include/internal  -I. -I./Include    -DPy_BUILD_CORE_BUILTIN -c ./Modules/posixmodule.c -o Modules/posixmodule.o
/usr/bin/clang   -DNDEBUG -g -fwrapv -O3 -Wall -O2 -O2  -std=c11 -Werror=implicit-function-declaration -fvisibility=hidden  -I./Include/internal  -I. -I./Include    -DPy_BUILD_CORE_BUILTIN -c ./Modules/signalmodule.c -o Modules/signalmodule.o
/usr/bin/clang   -DNDEBUG -g -fwrapv -O3 -Wall -O2 -O2  -std=c11 -Werror=implicit-function-declaration -fvisibility=hidden  -I./Include/internal  -I. -I./Include    -DPy_BUILD_CORE_BUILTIN -c ./Modules/_tracemalloc.c -o Modules/_tracemalloc.o
/usr/bin/clang   -DNDEBUG -g -fwrapv -O3 -Wall -O2 -O2  -std=c11 -Werror=implicit-function-declaration -fvisibility=hidden  -I./Include/internal  -I. -I./Include    -DPy_BUILD_CORE_BUILTIN -c ./Modules/_codecsmodule.c -o Modules/_codecsmodule.o
/usr/bin/clang   -DNDEBUG -g -fwrapv -O3 -Wall -O2 -O2  -std=c11 -Werror=implicit-function-declaration -fvisibility=hidden  -I./Include/internal  -I. -I./Include    -DPy_BUILD_CORE_BUILTIN -c ./Modules/_collectionsmodule.c -o Modules/_collectionsmodule.o
/usr/bin/clang   -DNDEBUG -g -fwrapv -O3 -Wall -O2 -O2  -std=c11 -Werror=implicit-function-declaration -fvisibility=hidden  -I./Include/internal  -I. -I./Include    -DPy_BUILD_CORE_BUILTIN -c ./Modules/errnomodule.c -o Modules/errnomodule.o
/usr/bin/clang -I./Modules/_io  -DNDEBUG -g -fwrapv -O3 -Wall -O2 -O2  -std=c11 -Werror=implicit-function-declaration -fvisibility=hidden  -I./Include/internal  -I. -I./Include    -DPy_BUILD_CORE_BUILTIN -c ./Modules/_io/_iomodule.c -o Modules/_io/_iomodule.o
/usr/bin/clang -I./Modules/_io  -DNDEBUG -g -fwrapv -O3 -Wall -O2 -O2  -std=c11 -Werror=implicit-function-declaration -fvisibility=hidden  -I./Include/internal  -I. -I./Include    -DPy_BUILD_CORE_BUILTIN -c ./Modules/_io/iobase.c -o Modules/_io/iobase.o
/usr/bin/clang -I./Modules/_io  -DNDEBUG -g -fwrapv -O3 -Wall -O2 -O2  -std=c11 -Werror=implicit-function-declaration -fvisibility=hidden  -I./Include/internal  -I. -I./Include    -DPy_BUILD_CORE_BUILTIN -c ./Modules/_io/fileio.c -o Modules/_io/fileio.o
/usr/bin/clang -I./Modules/_io  -DNDEBUG -g -fwrapv -O3 -Wall -O2 -O2  -std=c11 -Werror=implicit-function-declaration -fvisibility=hidden  -I./Include/internal  -I. -I./Include    -DPy_BUILD_CORE_BUILTIN -c ./Modules/_io/bytesio.c -o Modules/_io/bytesio.o
/usr/bin/clang -I./Modules/_io  -DNDEBUG -g -fwrapv -O3 -Wall -O2 -O2  -std=c11 -Werror=implicit-function-declaration -fvisibility=hidden  -I./Include/internal  -I. -I./Include    -DPy_BUILD_CORE_BUILTIN -c ./Modules/_io/bufferedio.c -o Modules/_io/bufferedio.o
/usr/bin/clang -I./Modules/_io  -DNDEBUG -g -fwrapv -O3 -Wall -O2 -O2  -std=c11 -Werror=implicit-function-declaration -fvisibility=hidden  -I./Include/internal  -I. -I./Include    -DPy_BUILD_CORE_BUILTIN -c ./Modules/_io/textio.c -o Modules/_io/textio.o
/usr/bin/clang -I./Modules/_io  -DNDEBUG -g -fwrapv -O3 -Wall -O2 -O2  -std=c11 -Werror=implicit-function-declaration -fvisibility=hidden  -I./Include/internal  -I. -I./Include    -DPy_BUILD_CORE_BUILTIN -c ./Modules/_io/stringio.c -o Modules/_io/stringio.o
/usr/bin/clang   -DNDEBUG -g -fwrapv -O3 -Wall -O2 -O2  -std=c11 -Werror=implicit-function-declaration -fvisibility=hidden  -I./Include/internal  -I. -I./Include    -DPy_BUILD_CORE_BUILTIN -c ./Modules/itertoolsmodule.c -o Modules/itertoolsmodule.o
/usr/bin/clang   -DNDEBUG -g -fwrapv -O3 -Wall -O2 -O2  -std=c11 -Werror=implicit-function-declaration -fvisibility=hidden  -I./Include/internal  -I. -I./Include    -DPy_BUILD_CORE_BUILTIN -c ./Modules/_sre/sre.c -o Modules/_sre/sre.o
/usr/bin/clang   -DNDEBUG -g -fwrapv -O3 -Wall -O2 -O2  -std=c11 -Werror=implicit-function-declaration -fvisibility=hidden  -I./Include/internal  -I. -I./Include    -DPy_BUILD_CORE_BUILTIN -c ./Modules/_threadmodule.c -o Modules/_threadmodule.o
/usr/bin/clang   -DNDEBUG -g -fwrapv -O3 -Wall -O2 -O2  -std=c11 -Werror=implicit-function-declaration -fvisibility=hidden  -I./Include/internal  -I. -I./Include    -DPy_BUILD_CORE_BUILTIN -c ./Modules/timemodule.c -o Modules/timemodule.o
/usr/bin/clang   -DNDEBUG -g -fwrapv -O3 -Wall -O2 -O2  -std=c11 -Werror=implicit-function-declaration -fvisibility=hidden  -I./Include/internal  -I. -I./Include    -DPy_BUILD_CORE_BUILTIN -c ./Modules/_weakref.c -o Modules/_weakref.o
/usr/bin/clang   -DNDEBUG -g -fwrapv -O3 -Wall -O2 -O2  -std=c11 -Werror=implicit-function-declaration -fvisibility=hidden  -I./Include/internal  -I. -I./Include    -DPy_BUILD_CORE_BUILTIN -c ./Modules/_abc.c -o Modules/_abc.o
/usr/bin/clang   -DNDEBUG -g -fwrapv -O3 -Wall -O2 -O2  -std=c11 -Werror=implicit-function-declaration -fvisibility=hidden  -I./Include/internal  -I. -I./Include    -DPy_BUILD_CORE_BUILTIN -c ./Modules/_functoolsmodule.c -o Modules/_functoolsmodule.o
/usr/bin/clang   -DNDEBUG -g -fwrapv -O3 -Wall -O2 -O2  -std=c11 -Werror=implicit-function-declaration -fvisibility=hidden  -I./Include/internal  -I. -I./Include    -DPy_BUILD_CORE_BUILTIN -c ./Modules/_localemodule.c -o Modules/_localemodule.o
/usr/bin/clang   -DNDEBUG -g -fwrapv -O3 -Wall -O2 -O2  -std=c11 -Werror=implicit-function-declaration -fvisibility=hidden  -I./Include/internal  -I. -I./Include    -DPy_BUILD_CORE_BUILTIN -c ./Modules/_operator.c -o Modules/_operator.o
/usr/bin/clang   -DNDEBUG -g -fwrapv -O3 -Wall -O2 -O2  -std=c11 -Werror=implicit-function-declaration -fvisibility=hidden  -I./Include/internal  -I. -I./Include    -DPy_BUILD_CORE_BUILTIN -c ./Modules/_stat.c -o Modules/_stat.o
/usr/bin/clang   -DNDEBUG -g -fwrapv -O3 -Wall -O2 -O2  -std=c11 -Werror=implicit-function-declaration -fvisibility=hidden  -I./Include/internal  -I. -I./Include    -DPy_BUILD_CORE_BUILTIN -c ./Modules/symtablemodule.c -o Modules/symtablemodule.o
/usr/bin/clang   -DNDEBUG -g -fwrapv -O3 -Wall -O2 -O2  -std=c11 -Werror=implicit-function-declaration -fvisibility=hidden  -I./Include/internal  -I. -I./Include    -DPy_BUILD_CORE_BUILTIN -c ./Modules/pwdmodule.c -o Modules/pwdmodule.o
/usr/bin/clang   -DNDEBUG -g -fwrapv -O3 -Wall -O2 -O2  -std=c11 -Werror=implicit-function-declaration -fvisibility=hidden  -I./Include/internal  -I. -I./Include    -DPy_BUILD_CORE_BUILTIN -c ./Modules/xxsubtype.c -o Modules/xxsubtype.o
/usr/bin/clang -c  -DNDEBUG -g -fwrapv -O3 -Wall -O2 -O2  -std=c11 -Werror=implicit-function-declaration -fvisibility=hidden  -I./Include/internal  -I. -I./Include    -DPy_BUILD_CORE -o Programs/_freeze_module.o Programs/_freeze_module.c
/usr/bin/clang -c  -DNDEBUG -g -fwrapv -O3 -Wall -O2 -O2  -std=c11 -Werror=implicit-function-declaration -fvisibility=hidden  -I./Include/internal  -I. -I./Include    -DPy_BUILD_CORE -o Modules/getpath_noop.o Modules/getpath_noop.c
/usr/bin/clang -c -I./Modules/_decimal/libmpdec -DUNIVERSAL=1  -DNDEBUG -g -fwrapv -O3 -Wall -O2 -O2  -std=c11 -Werror=implicit-function-declaration -fvisibility=hidden  -I./Include/internal  -I. -I./Include     -o Modules/_decimal/libmpdec/basearith.o ./Modules/_decimal/libmpdec/basearith.c
/usr/bin/clang -c -I./Modules/_decimal/libmpdec -DUNIVERSAL=1  -DNDEBUG -g -fwrapv -O3 -Wall -O2 -O2  -std=c11 -Werror=implicit-function-declaration -fvisibility=hidden  -I./Include/internal  -I. -I./Include     -o Modules/_decimal/libmpdec/constants.o ./Modules/_decimal/libmpdec/constants.c
/usr/bin/clang -c -I./Modules/_decimal/libmpdec -DUNIVERSAL=1  -DNDEBUG -g -fwrapv -O3 -Wall -O2 -O2  -std=c11 -Werror=implicit-function-declaration -fvisibility=hidden  -I./Include/internal  -I. -I./Include     -o Modules/_decimal/libmpdec/context.o ./Modules/_decimal/libmpdec/context.c
/usr/bin/clang -c -I./Modules/_decimal/libmpdec -DUNIVERSAL=1  -DNDEBUG -g -fwrapv -O3 -Wall -O2 -O2  -std=c11 -Werror=implicit-function-declaration -fvisibility=hidden  -I./Include/internal  -I. -I./Include     -o Modules/_decimal/libmpdec/convolute.o ./Modules/_decimal/libmpdec/convolute.c
/usr/bin/clang -c -I./Modules/_decimal/libmpdec -DUNIVERSAL=1  -DNDEBUG -g -fwrapv -O3 -Wall -O2 -O2  -std=c11 -Werror=implicit-function-declaration -fvisibility=hidden  -I./Include/internal  -I. -I./Include     -o Modules/_decimal/libmpdec/crt.o ./Modules/_decimal/libmpdec/crt.c
/usr/bin/clang -c -I./Modules/_decimal/libmpdec -DUNIVERSAL=1  -DNDEBUG -g -fwrapv -O3 -Wall -O2 -O2  -std=c11 -Werror=implicit-function-declaration -fvisibility=hidden  -I./Include/internal  -I. -I./Include     -o Modules/_decimal/libmpdec/difradix2.o ./Modules/_decimal/libmpdec/difradix2.c
/usr/bin/clang -c -I./Modules/_decimal/libmpdec -DUNIVERSAL=1  -DNDEBUG -g -fwrapv -O3 -Wall -O2 -O2  -std=c11 -Werror=implicit-function-declaration -fvisibility=hidden  -I./Include/internal  -I. -I./Include     -o Modules/_decimal/libmpdec/fnt.o ./Modules/_decimal/libmpdec/fnt.c
/usr/bin/clang -c -I./Modules/_decimal/libmpdec -DUNIVERSAL=1  -DNDEBUG -g -fwrapv -O3 -Wall -O2 -O2  -std=c11 -Werror=implicit-function-declaration -fvisibility=hidden  -I./Include/internal  -I. -I./Include     -o Modules/_decimal/libmpdec/fourstep.o ./Modules/_decimal/libmpdec/fourstep.c
/usr/bin/clang -c -I./Modules/_decimal/libmpdec -DUNIVERSAL=1  -DNDEBUG -g -fwrapv -O3 -Wall -O2 -O2  -std=c11 -Werror=implicit-function-declaration -fvisibility=hidden  -I./Include/internal  -I. -I./Include     -o Modules/_decimal/libmpdec/io.o ./Modules/_decimal/libmpdec/io.c
/usr/bin/clang -c -I./Modules/_decimal/libmpdec -DUNIVERSAL=1  -DNDEBUG -g -fwrapv -O3 -Wall -O2 -O2  -std=c11 -Werror=implicit-function-declaration -fvisibility=hidden  -I./Include/internal  -I. -I./Include     -o Modules/_decimal/libmpdec/mpalloc.o ./Modules/_decimal/libmpdec/mpalloc.c
/usr/bin/clang -c -I./Modules/_decimal/libmpdec -DUNIVERSAL=1  -DNDEBUG -g -fwrapv -O3 -Wall -O2 -O2  -std=c11 -Werror=implicit-function-declaration -fvisibility=hidden  -I./Include/internal  -I. -I./Include     -o Modules/_decimal/libmpdec/mpdecimal.o ./Modules/_decimal/libmpdec/mpdecimal.c
/usr/bin/clang -c -I./Modules/_decimal/libmpdec -DUNIVERSAL=1  -DNDEBUG -g -fwrapv -O3 -Wall -O2 -O2  -std=c11 -Werror=implicit-function-declaration -fvisibility=hidden  -I./Include/internal  -I. -I./Include     -o Modules/_decimal/libmpdec/numbertheory.o ./Modules/_decimal/libmpdec/numbertheory.c
/usr/bin/clang -c -I./Modules/_decimal/libmpdec -DUNIVERSAL=1  -DNDEBUG -g -fwrapv -O3 -Wall -O2 -O2  -std=c11 -Werror=implicit-function-declaration -fvisibility=hidden  -I./Include/internal  -I. -I./Include     -o Modules/_decimal/libmpdec/sixstep.o ./Modules/_decimal/libmpdec/sixstep.c
/usr/bin/clang -c -I./Modules/_decimal/libmpdec -DUNIVERSAL=1  -DNDEBUG -g -fwrapv -O3 -Wall -O2 -O2  -std=c11 -Werror=implicit-function-declaration -fvisibility=hidden  -I./Include/internal  -I. -I./Include     -o Modules/_decimal/libmpdec/transpose.o ./Modules/_decimal/libmpdec/transpose.c
/usr/bin/clang -c -I./Modules/expat  -DNDEBUG -g -fwrapv -O3 -Wall -O2 -O2  -std=c11 -Werror=implicit-function-declaration -fvisibility=hidden  -I./Include/internal  -I. -I./Include     -o Modules/expat/xmlparse.o ./Modules/expat/xmlparse.c
/usr/bin/clang -c -I./Modules/expat  -DNDEBUG -g -fwrapv -O3 -Wall -O2 -O2  -std=c11 -Werror=implicit-function-declaration -fvisibility=hidden  -I./Include/internal  -I. -I./Include     -o Modules/expat/xmlrole.o ./Modules/expat/xmlrole.c
/usr/bin/clang -c -I./Modules/expat  -DNDEBUG -g -fwrapv -O3 -Wall -O2 -O2  -std=c11 -Werror=implicit-function-declaration -fvisibility=hidden  -I./Include/internal  -I. -I./Include     -o Modules/expat/xmltok.o ./Modules/expat/xmltok.c
/usr/bin/install -c -m 644 ./Tools/gdb/libpython.py python.exe-gdb.py
/usr/bin/clang -c  -DNDEBUG -g -fwrapv -O3 -Wall -O2 -O2  -std=c11 -Werror=implicit-function-declaration -fvisibility=hidden  -I./Include/internal  -I. -I./Include    -DPy_BUILD_CORE -o Programs/_testembed.o ./Programs/_testembed.c
sed -e "s,@EXENAME@,/private/tmp/sleepedf-python-patch-20261008/install-3.11.17/bin/python3.11," < ./Misc/python-config.in >python-config.py
LC_ALL=C sed -e 's,\$(\([A-Za-z0-9_]*\)),\$\{\1\},g' < Misc/python-config.sh >python-config
/usr/bin/clang -c  -DNDEBUG -g -fwrapv -O3 -Wall -O2 -O2  -std=c11 -Werror=implicit-function-declaration -fvisibility=hidden  -I./Include/internal  -I. -I./Include    -DPy_BUILD_CORE \
	      -DGITVERSION="\"`LC_ALL=C `\"" \
	      -DGITTAG="\"`LC_ALL=C `\"" \
	      -DGITBRANCH="\"`LC_ALL=C `\"" \
	      -o Modules/getbuildinfo.o ./Modules/getbuildinfo.c
/usr/bin/clang     -o Programs/_freeze_module Programs/_freeze_module.o Modules/getpath_noop.o Modules/getbuildinfo.o Parser/token.o  Parser/pegen.o Parser/pegen_errors.o Parser/action_helpers.o Parser/parser.o Parser/string_parser.o Parser/peg_api.o Parser/myreadline.o Parser/tokenizer.o Objects/abstract.o Objects/accu.o Objects/boolobject.o Objects/bytes_methods.o Objects/bytearrayobject.o Objects/bytesobject.o Objects/call.o Objects/capsule.o Objects/cellobject.o Objects/classobject.o Objects/codeobject.o Objects/complexobject.o Objects/descrobject.o Objects/enumobject.o Objects/exceptions.o Objects/genericaliasobject.o Objects/genobject.o Objects/fileobject.o Objects/floatobject.o Objects/frameobject.o Objects/funcobject.o Objects/interpreteridobject.o Objects/iterobject.o Objects/listobject.o Objects/longobject.o Objects/dictobject.o Objects/odictobject.o Objects/memoryobject.o Objects/methodobject.o Objects/moduleobject.o Objects/namespaceobject.o Objects/object.o Objects/obmalloc.o Objects/picklebufobject.o Objects/rangeobject.o Objects/setobject.o Objects/sliceobject.o Objects/structseq.o Objects/tupleobject.o Objects/typeobject.o Objects/unicodeobject.o Objects/unicodectype.o Objects/unionobject.o Objects/weakrefobject.o Python/_warnings.o Python/Python-ast.o Python/Python-tokenize.o Python/asdl.o Python/ast.o Python/ast_opt.o Python/ast_unparse.o Python/bltinmodule.o Python/ceval.o Python/codecs.o Python/compile.o Python/context.o Python/dynamic_annotations.o Python/errors.o Python/frame.o Python/frozenmain.o Python/future.o Python/getargs.o Python/getcompiler.o Python/getcopyright.o Python/getplatform.o Python/getversion.o Python/hamt.o Python/hashtable.o Python/import.o Python/importdl.o Python/initconfig.o Python/marshal.o Python/modsupport.o Python/mysnprintf.o Python/mystrtoul.o Python/pathconfig.o Python/preconfig.o Python/pyarena.o Python/pyctype.o Python/pyfpe.o Python/pyhash.o Python/pylifecycle.o Python/pymath.o Python/pystate.o Python/pythonrun.o Python/pytime.o Python/bootstrap_hash.o Python/specialize.o Python/structmember.o Python/symtable.o Python/sysmodule.o Python/thread.o Python/traceback.o Python/getopt.o Python/pystrcmp.o Python/pystrtod.o Python/pystrhex.o Python/dtoa.o Python/formatter_unicode.o Python/fileutils.o Python/suggestions.o Python/dynload_shlib.o     Modules/config.o Modules/main.o Modules/gcmodule.o Modules/atexitmodule.o  Modules/faulthandler.o  Modules/posixmodule.o  Modules/signalmodule.o  Modules/_tracemalloc.o  Modules/_codecsmodule.o  Modules/_collectionsmodule.o  Modules/errnomodule.o  Modules/_io/_iomodule.o Modules/_io/iobase.o Modules/_io/fileio.o Modules/_io/bytesio.o Modules/_io/bufferedio.o Modules/_io/textio.o Modules/_io/stringio.o  Modules/itertoolsmodule.o  Modules/_sre/sre.o  Modules/_threadmodule.o  Modules/timemodule.o  Modules/_weakref.o  Modules/_abc.o  Modules/_functoolsmodule.o  Modules/_localemodule.o  Modules/_operator.o  Modules/_stat.o  Modules/symtablemodule.o  Modules/pwdmodule.o  Modules/xxsubtype.o -ldl  -framework CoreFoundation                         
./Programs/_freeze_module importlib._bootstrap ./Lib/importlib/_bootstrap.py Python/frozen_modules/importlib._bootstrap.h
./Programs/_freeze_module importlib._bootstrap_external ./Lib/importlib/_bootstrap_external.py Python/frozen_modules/importlib._bootstrap_external.h
./Programs/_freeze_module getpath ./Modules/getpath.py Python/frozen_modules/getpath.h
./Programs/_freeze_module zipimport ./Lib/zipimport.py Python/frozen_modules/zipimport.h
rm -f Modules/_decimal/libmpdec/libmpdec.a
rm -f Modules/expat/libexpat.a
ar rcs Modules/_decimal/libmpdec/libmpdec.a Modules/_decimal/libmpdec/basearith.o Modules/_decimal/libmpdec/constants.o Modules/_decimal/libmpdec/context.o Modules/_decimal/libmpdec/convolute.o Modules/_decimal/libmpdec/crt.o Modules/_decimal/libmpdec/difradix2.o Modules/_decimal/libmpdec/fnt.o Modules/_decimal/libmpdec/fourstep.o Modules/_decimal/libmpdec/io.o Modules/_decimal/libmpdec/mpalloc.o Modules/_decimal/libmpdec/mpdecimal.o Modules/_decimal/libmpdec/numbertheory.o Modules/_decimal/libmpdec/sixstep.o Modules/_decimal/libmpdec/transpose.o
ar rcs Modules/expat/libexpat.a Modules/expat/xmlparse.o Modules/expat/xmlrole.o Modules/expat/xmltok.o
/usr/bin/clang -c  -DNDEBUG -g -fwrapv -O3 -Wall -O2 -O2  -std=c11 -Werror=implicit-function-declaration -fvisibility=hidden  -I./Include/internal  -I. -I./Include    -DPy_BUILD_CORE -DPYTHONPATH='""' \
		-DPREFIX='"/private/tmp/sleepedf-python-patch-20261008/install-3.11.17"' \
		-DEXEC_PREFIX='"/private/tmp/sleepedf-python-patch-20261008/install-3.11.17"' \
		-DVERSION='"3.11"' \
		-DVPATH='""' \
		-DPLATLIBDIR='"lib"' \
		-DPYTHONFRAMEWORK='""' \
		-o Modules/getpath.o ./Modules/getpath.c
/usr/bin/clang -c  -DNDEBUG -g -fwrapv -O3 -Wall -O2 -O2  -std=c11 -Werror=implicit-function-declaration -fvisibility=hidden  -I./Include/internal  -I. -I./Include    -DPy_BUILD_CORE -o Programs/_bootstrap_python.o Programs/_bootstrap_python.c
/usr/bin/clang     -o _bootstrap_python Modules/getbuildinfo.o Parser/token.o  Parser/pegen.o Parser/pegen_errors.o Parser/action_helpers.o Parser/parser.o Parser/string_parser.o Parser/peg_api.o Parser/myreadline.o Parser/tokenizer.o Objects/abstract.o Objects/accu.o Objects/boolobject.o Objects/bytes_methods.o Objects/bytearrayobject.o Objects/bytesobject.o Objects/call.o Objects/capsule.o Objects/cellobject.o Objects/classobject.o Objects/codeobject.o Objects/complexobject.o Objects/descrobject.o Objects/enumobject.o Objects/exceptions.o Objects/genericaliasobject.o Objects/genobject.o Objects/fileobject.o Objects/floatobject.o Objects/frameobject.o Objects/funcobject.o Objects/interpreteridobject.o Objects/iterobject.o Objects/listobject.o Objects/longobject.o Objects/dictobject.o Objects/odictobject.o Objects/memoryobject.o Objects/methodobject.o Objects/moduleobject.o Objects/namespaceobject.o Objects/object.o Objects/obmalloc.o Objects/picklebufobject.o Objects/rangeobject.o Objects/setobject.o Objects/sliceobject.o Objects/structseq.o Objects/tupleobject.o Objects/typeobject.o Objects/unicodeobject.o Objects/unicodectype.o Objects/unionobject.o Objects/weakrefobject.o Python/_warnings.o Python/Python-ast.o Python/Python-tokenize.o Python/asdl.o Python/ast.o Python/ast_opt.o Python/ast_unparse.o Python/bltinmodule.o Python/ceval.o Python/codecs.o Python/compile.o Python/context.o Python/dynamic_annotations.o Python/errors.o Python/frame.o Python/frozenmain.o Python/future.o Python/getargs.o Python/getcompiler.o Python/getcopyright.o Python/getplatform.o Python/getversion.o Python/hamt.o Python/hashtable.o Python/import.o Python/importdl.o Python/initconfig.o Python/marshal.o Python/modsupport.o Python/mysnprintf.o Python/mystrtoul.o Python/pathconfig.o Python/preconfig.o Python/pyarena.o Python/pyctype.o Python/pyfpe.o Python/pyhash.o Python/pylifecycle.o Python/pymath.o Python/pystate.o Python/pythonrun.o Python/pytime.o Python/bootstrap_hash.o Python/specialize.o Python/structmember.o Python/symtable.o Python/sysmodule.o Python/thread.o Python/traceback.o Python/getopt.o Python/pystrcmp.o Python/pystrtod.o Python/pystrhex.o Python/dtoa.o Python/formatter_unicode.o Python/fileutils.o Python/suggestions.o Python/dynload_shlib.o     Modules/config.o Modules/main.o Modules/gcmodule.o Modules/atexitmodule.o  Modules/faulthandler.o  Modules/posixmodule.o  Modules/signalmodule.o  Modules/_tracemalloc.o  Modules/_codecsmodule.o  Modules/_collectionsmodule.o  Modules/errnomodule.o  Modules/_io/_iomodule.o Modules/_io/iobase.o Modules/_io/fileio.o Modules/_io/bytesio.o Modules/_io/bufferedio.o Modules/_io/textio.o Modules/_io/stringio.o  Modules/itertoolsmodule.o  Modules/_sre/sre.o  Modules/_threadmodule.o  Modules/timemodule.o  Modules/_weakref.o  Modules/_abc.o  Modules/_functoolsmodule.o  Modules/_localemodule.o  Modules/_operator.o  Modules/_stat.o  Modules/symtablemodule.o  Modules/pwdmodule.o  Modules/xxsubtype.o \
		Programs/_bootstrap_python.o Modules/getpath.o -ldl  -framework CoreFoundation                         
# Dummy pybuilddir.txt  is needed for _bootstrap_python to be runnable
./_bootstrap_python ./Programs/_freeze_module.py abc ./Lib/abc.py Python/frozen_modules/abc.h
./_bootstrap_python ./Programs/_freeze_module.py codecs ./Lib/codecs.py Python/frozen_modules/codecs.h
./_bootstrap_python ./Programs/_freeze_module.py io ./Lib/io.py Python/frozen_modules/io.h
./_bootstrap_python ./Programs/_freeze_module.py _collections_abc ./Lib/_collections_abc.py Python/frozen_modules/_collections_abc.h
./_bootstrap_python ./Programs/_freeze_module.py _sitebuiltins ./Lib/_sitebuiltins.py Python/frozen_modules/_sitebuiltins.h
./_bootstrap_python ./Programs/_freeze_module.py genericpath ./Lib/genericpath.py Python/frozen_modules/genericpath.h
./_bootstrap_python ./Programs/_freeze_module.py ntpath ./Lib/ntpath.py Python/frozen_modules/ntpath.h
./_bootstrap_python ./Programs/_freeze_module.py posixpath ./Lib/posixpath.py Python/frozen_modules/posixpath.h
./_bootstrap_python ./Programs/_freeze_module.py os ./Lib/os.py Python/frozen_modules/os.h
./_bootstrap_python ./Programs/_freeze_module.py site ./Lib/site.py Python/frozen_modules/site.h
./_bootstrap_python ./Programs/_freeze_module.py stat ./Lib/stat.py Python/frozen_modules/stat.h
./_bootstrap_python ./Programs/_freeze_module.py importlib.util ./Lib/importlib/util.py Python/frozen_modules/importlib.util.h
./_bootstrap_python ./Programs/_freeze_module.py importlib.machinery ./Lib/importlib/machinery.py Python/frozen_modules/importlib.machinery.h
./_bootstrap_python ./Programs/_freeze_module.py runpy ./Lib/runpy.py Python/frozen_modules/runpy.h
./_bootstrap_python ./Programs/_freeze_module.py __hello__ ./Lib/__hello__.py Python/frozen_modules/__hello__.h
./_bootstrap_python ./Programs/_freeze_module.py __phello__ ./Lib/__phello__/__init__.py Python/frozen_modules/__phello__.h
./_bootstrap_python ./Programs/_freeze_module.py __phello__.ham ./Lib/__phello__/ham/__init__.py Python/frozen_modules/__phello__.ham.h
./_bootstrap_python ./Programs/_freeze_module.py __phello__.ham.eggs ./Lib/__phello__/ham/eggs.py Python/frozen_modules/__phello__.ham.eggs.h
./_bootstrap_python ./Programs/_freeze_module.py __phello__.spam ./Lib/__phello__/spam.py Python/frozen_modules/__phello__.spam.h
./_bootstrap_python ./Programs/_freeze_module.py frozen_only ./Tools/freeze/flag.py Python/frozen_modules/frozen_only.h
./_bootstrap_python ./Tools/scripts/deepfreeze.py \
	Python/frozen_modules/importlib._bootstrap.h:importlib._bootstrap \
	Python/frozen_modules/importlib._bootstrap_external.h:importlib._bootstrap_external \
	Python/frozen_modules/zipimport.h:zipimport \
	Python/frozen_modules/abc.h:abc \
	Python/frozen_modules/codecs.h:codecs \
	Python/frozen_modules/io.h:io \
	Python/frozen_modules/_collections_abc.h:_collections_abc \
	Python/frozen_modules/_sitebuiltins.h:_sitebuiltins \
	Python/frozen_modules/genericpath.h:genericpath \
	Python/frozen_modules/ntpath.h:ntpath \
	Python/frozen_modules/posixpath.h:posixpath \
	Python/frozen_modules/os.h:os \
	Python/frozen_modules/site.h:site \
	Python/frozen_modules/stat.h:stat \
	Python/frozen_modules/importlib.util.h:importlib.util \
	Python/frozen_modules/importlib.machinery.h:importlib.machinery \
	Python/frozen_modules/runpy.h:runpy \
	Python/frozen_modules/__hello__.h:__hello__ \
	Python/frozen_modules/__phello__.h:__phello__ \
	Python/frozen_modules/__phello__.ham.h:__phello__.ham \
	Python/frozen_modules/__phello__.ham.eggs.h:__phello__.ham.eggs \
	Python/frozen_modules/__phello__.spam.h:__phello__.spam \
	Python/frozen_modules/frozen_only.h:frozen_only \
	-o Python/deepfreeze/deepfreeze.c
/usr/bin/clang -c  -DNDEBUG -g -fwrapv -O3 -Wall -O2 -O2  -std=c11 -Werror=implicit-function-declaration -fvisibility=hidden  -I./Include/internal  -I. -I./Include    -DPy_BUILD_CORE -o Python/frozen.o Python/frozen.c
/usr/bin/clang -c  -DNDEBUG -g -fwrapv -O3 -Wall -O2 -O2  -std=c11 -Werror=implicit-function-declaration -fvisibility=hidden  -I./Include/internal  -I. -I./Include    -DPy_BUILD_CORE -o Python/deepfreeze/deepfreeze.o Python/deepfreeze/deepfreeze.c
rm -f libpython3.11.a
ar rcs libpython3.11.a Modules/getbuildinfo.o Parser/token.o  Parser/pegen.o Parser/pegen_errors.o Parser/action_helpers.o Parser/parser.o Parser/string_parser.o Parser/peg_api.o Parser/myreadline.o Parser/tokenizer.o Objects/abstract.o Objects/accu.o Objects/boolobject.o Objects/bytes_methods.o Objects/bytearrayobject.o Objects/bytesobject.o Objects/call.o Objects/capsule.o Objects/cellobject.o Objects/classobject.o Objects/codeobject.o Objects/complexobject.o Objects/descrobject.o Objects/enumobject.o Objects/exceptions.o Objects/genericaliasobject.o Objects/genobject.o Objects/fileobject.o Objects/floatobject.o Objects/frameobject.o Objects/funcobject.o Objects/interpreteridobject.o Objects/iterobject.o Objects/listobject.o Objects/longobject.o Objects/dictobject.o Objects/odictobject.o Objects/memoryobject.o Objects/methodobject.o Objects/moduleobject.o Objects/namespaceobject.o Objects/object.o Objects/obmalloc.o Objects/picklebufobject.o Objects/rangeobject.o Objects/setobject.o Objects/sliceobject.o Objects/structseq.o Objects/tupleobject.o Objects/typeobject.o Objects/unicodeobject.o Objects/unicodectype.o Objects/unionobject.o Objects/weakrefobject.o Python/_warnings.o Python/Python-ast.o Python/Python-tokenize.o Python/asdl.o Python/ast.o Python/ast_opt.o Python/ast_unparse.o Python/bltinmodule.o Python/ceval.o Python/codecs.o Python/compile.o Python/context.o Python/dynamic_annotations.o Python/errors.o Python/frame.o Python/frozenmain.o Python/future.o Python/getargs.o Python/getcompiler.o Python/getcopyright.o Python/getplatform.o Python/getversion.o Python/hamt.o Python/hashtable.o Python/import.o Python/importdl.o Python/initconfig.o Python/marshal.o Python/modsupport.o Python/mysnprintf.o Python/mystrtoul.o Python/pathconfig.o Python/preconfig.o Python/pyarena.o Python/pyctype.o Python/pyfpe.o Python/pyhash.o Python/pylifecycle.o Python/pymath.o Python/pystate.o Python/pythonrun.o Python/pytime.o Python/bootstrap_hash.o Python/specialize.o Python/structmember.o Python/symtable.o Python/sysmodule.o Python/thread.o Python/traceback.o Python/getopt.o Python/pystrcmp.o Python/pystrtod.o Python/pystrhex.o Python/dtoa.o Python/formatter_unicode.o Python/fileutils.o Python/suggestions.o Python/dynload_shlib.o     Modules/config.o Modules/main.o Modules/gcmodule.o Modules/atexitmodule.o  Modules/faulthandler.o  Modules/posixmodule.o  Modules/signalmodule.o  Modules/_tracemalloc.o  Modules/_codecsmodule.o  Modules/_collectionsmodule.o  Modules/errnomodule.o  Modules/_io/_iomodule.o Modules/_io/iobase.o Modules/_io/fileio.o Modules/_io/bytesio.o Modules/_io/bufferedio.o Modules/_io/textio.o Modules/_io/stringio.o  Modules/itertoolsmodule.o  Modules/_sre/sre.o  Modules/_threadmodule.o  Modules/timemodule.o  Modules/_weakref.o  Modules/_abc.o  Modules/_functoolsmodule.o  Modules/_localemodule.o  Modules/_operator.o  Modules/_stat.o  Modules/symtablemodule.o  Modules/pwdmodule.o  Modules/xxsubtype.o Python/deepfreeze/deepfreeze.o Modules/getpath.o Python/frozen.o
/usr/bin/clang     -Wl,-stack_size,1000000  -framework CoreFoundation -o python.exe Programs/python.o Modules/getbuildinfo.o Parser/token.o  Parser/pegen.o Parser/pegen_errors.o Parser/action_helpers.o Parser/parser.o Parser/string_parser.o Parser/peg_api.o Parser/myreadline.o Parser/tokenizer.o Objects/abstract.o Objects/accu.o Objects/boolobject.o Objects/bytes_methods.o Objects/bytearrayobject.o Objects/bytesobject.o Objects/call.o Objects/capsule.o Objects/cellobject.o Objects/classobject.o Objects/codeobject.o Objects/complexobject.o Objects/descrobject.o Objects/enumobject.o Objects/exceptions.o Objects/genericaliasobject.o Objects/genobject.o Objects/fileobject.o Objects/floatobject.o Objects/frameobject.o Objects/funcobject.o Objects/interpreteridobject.o Objects/iterobject.o Objects/listobject.o Objects/longobject.o Objects/dictobject.o Objects/odictobject.o Objects/memoryobject.o Objects/methodobject.o Objects/moduleobject.o Objects/namespaceobject.o Objects/object.o Objects/obmalloc.o Objects/picklebufobject.o Objects/rangeobject.o Objects/setobject.o Objects/sliceobject.o Objects/structseq.o Objects/tupleobject.o Objects/typeobject.o Objects/unicodeobject.o Objects/unicodectype.o Objects/unionobject.o Objects/weakrefobject.o Python/_warnings.o Python/Python-ast.o Python/Python-tokenize.o Python/asdl.o Python/ast.o Python/ast_opt.o Python/ast_unparse.o Python/bltinmodule.o Python/ceval.o Python/codecs.o Python/compile.o Python/context.o Python/dynamic_annotations.o Python/errors.o Python/frame.o Python/frozenmain.o Python/future.o Python/getargs.o Python/getcompiler.o Python/getcopyright.o Python/getplatform.o Python/getversion.o Python/hamt.o Python/hashtable.o Python/import.o Python/importdl.o Python/initconfig.o Python/marshal.o Python/modsupport.o Python/mysnprintf.o Python/mystrtoul.o Python/pathconfig.o Python/preconfig.o Python/pyarena.o Python/pyctype.o Python/pyfpe.o Python/pyhash.o Python/pylifecycle.o Python/pymath.o Python/pystate.o Python/pythonrun.o Python/pytime.o Python/bootstrap_hash.o Python/specialize.o Python/structmember.o Python/symtable.o Python/sysmodule.o Python/thread.o Python/traceback.o Python/getopt.o Python/pystrcmp.o Python/pystrtod.o Python/pystrhex.o Python/dtoa.o Python/formatter_unicode.o Python/fileutils.o Python/suggestions.o Python/dynload_shlib.o     Modules/config.o Modules/main.o Modules/gcmodule.o Modules/atexitmodule.o  Modules/faulthandler.o  Modules/posixmodule.o  Modules/signalmodule.o  Modules/_tracemalloc.o  Modules/_codecsmodule.o  Modules/_collectionsmodule.o  Modules/errnomodule.o  Modules/_io/_iomodule.o Modules/_io/iobase.o Modules/_io/fileio.o Modules/_io/bytesio.o Modules/_io/bufferedio.o Modules/_io/textio.o Modules/_io/stringio.o  Modules/itertoolsmodule.o  Modules/_sre/sre.o  Modules/_threadmodule.o  Modules/timemodule.o  Modules/_weakref.o  Modules/_abc.o  Modules/_functoolsmodule.o  Modules/_localemodule.o  Modules/_operator.o  Modules/_stat.o  Modules/symtablemodule.o  Modules/pwdmodule.o  Modules/xxsubtype.o Python/deepfreeze/deepfreeze.o Modules/getpath.o Python/frozen.o -ldl  -framework CoreFoundation                         
/usr/bin/clang     -Wl,-stack_size,1000000  -framework CoreFoundation -o Programs/_testembed Programs/_testembed.o Modules/getbuildinfo.o Parser/token.o  Parser/pegen.o Parser/pegen_errors.o Parser/action_helpers.o Parser/parser.o Parser/string_parser.o Parser/peg_api.o Parser/myreadline.o Parser/tokenizer.o Objects/abstract.o Objects/accu.o Objects/boolobject.o Objects/bytes_methods.o Objects/bytearrayobject.o Objects/bytesobject.o Objects/call.o Objects/capsule.o Objects/cellobject.o Objects/classobject.o Objects/codeobject.o Objects/complexobject.o Objects/descrobject.o Objects/enumobject.o Objects/exceptions.o Objects/genericaliasobject.o Objects/genobject.o Objects/fileobject.o Objects/floatobject.o Objects/frameobject.o Objects/funcobject.o Objects/interpreteridobject.o Objects/iterobject.o Objects/listobject.o Objects/longobject.o Objects/dictobject.o Objects/odictobject.o Objects/memoryobject.o Objects/methodobject.o Objects/moduleobject.o Objects/namespaceobject.o Objects/object.o Objects/obmalloc.o Objects/picklebufobject.o Objects/rangeobject.o Objects/setobject.o Objects/sliceobject.o Objects/structseq.o Objects/tupleobject.o Objects/typeobject.o Objects/unicodeobject.o Objects/unicodectype.o Objects/unionobject.o Objects/weakrefobject.o Python/_warnings.o Python/Python-ast.o Python/Python-tokenize.o Python/asdl.o Python/ast.o Python/ast_opt.o Python/ast_unparse.o Python/bltinmodule.o Python/ceval.o Python/codecs.o Python/compile.o Python/context.o Python/dynamic_annotations.o Python/errors.o Python/frame.o Python/frozenmain.o Python/future.o Python/getargs.o Python/getcompiler.o Python/getcopyright.o Python/getplatform.o Python/getversion.o Python/hamt.o Python/hashtable.o Python/import.o Python/importdl.o Python/initconfig.o Python/marshal.o Python/modsupport.o Python/mysnprintf.o Python/mystrtoul.o Python/pathconfig.o Python/preconfig.o Python/pyarena.o Python/pyctype.o Python/pyfpe.o Python/pyhash.o Python/pylifecycle.o Python/pymath.o Python/pystate.o Python/pythonrun.o Python/pytime.o Python/bootstrap_hash.o Python/specialize.o Python/structmember.o Python/symtable.o Python/sysmodule.o Python/thread.o Python/traceback.o Python/getopt.o Python/pystrcmp.o Python/pystrtod.o Python/pystrhex.o Python/dtoa.o Python/formatter_unicode.o Python/fileutils.o Python/suggestions.o Python/dynload_shlib.o     Modules/config.o Modules/main.o Modules/gcmodule.o Modules/atexitmodule.o  Modules/faulthandler.o  Modules/posixmodule.o  Modules/signalmodule.o  Modules/_tracemalloc.o  Modules/_codecsmodule.o  Modules/_collectionsmodule.o  Modules/errnomodule.o  Modules/_io/_iomodule.o Modules/_io/iobase.o Modules/_io/fileio.o Modules/_io/bytesio.o Modules/_io/bufferedio.o Modules/_io/textio.o Modules/_io/stringio.o  Modules/itertoolsmodule.o  Modules/_sre/sre.o  Modules/_threadmodule.o  Modules/timemodule.o  Modules/_weakref.o  Modules/_abc.o  Modules/_functoolsmodule.o  Modules/_localemodule.o  Modules/_operator.o  Modules/_stat.o  Modules/symtablemodule.o  Modules/pwdmodule.o  Modules/xxsubtype.o Python/deepfreeze/deepfreeze.o Modules/getpath.o Python/frozen.o -ldl  -framework CoreFoundation                         
./python.exe -E -S -m sysconfig --generate-posix-vars ;\
	if test $? -ne 0 ; then \
		echo "generate-posix-vars failed" ; \
		rm -f ./pybuilddir.txt ; \
		exit 1 ; \
	fi
./python.exe -E -c 'import sys ; from sysconfig import get_platform ; print("%s-%d.%d" % (get_platform(), *sys.version_info[:2]))' >platform
 CC='/usr/bin/clang' LDSHARED='/usr/bin/clang -bundle -undefined dynamic_lookup    ' OPT='-DNDEBUG -g -fwrapv -O3 -Wall' 	./python.exe -E ./setup.py  build
running build
running build_ext
building 'array' extension
building '_contextvars' extension
building 'math' extension
building 'cmath' extension
creating build/temp.macosx-26.6-arm64-3.11/private
creating build/temp.macosx-26.6-arm64-3.11/private
building '_zoneinfo' extension
creating build/temp.macosx-26.6-arm64-3.11/private
building '_datetime' extension
building '_random' extension
creating build/temp.macosx-26.6-arm64-3.11/private/tmp
creating build/temp.macosx-26.6-arm64-3.11/private/tmp
creating build/temp.macosx-26.6-arm64-3.11/private/tmp
building '_pickle' extension
creating build/temp.macosx-26.6-arm64-3.11/private/tmp
creating build/temp.macosx-26.6-arm64-3.11/private
creating build/temp.macosx-26.6-arm64-3.11/private/tmp
creating build/temp.macosx-26.6-arm64-3.11/private/tmp/sleepedf-python-patch-20261008
creating build/temp.macosx-26.6-arm64-3.11/private/tmp/sleepedf-python-patch-20261008
creating build/temp.macosx-26.6-arm64-3.11/private/tmp
creating build/temp.macosx-26.6-arm64-3.11/private/tmp/sleepedf-python-patch-20261008
building '_heapq' extension
creating build/temp.macosx-26.6-arm64-3.11/private/tmp/sleepedf-python-patch-20261008
building '_bisect' extension
creating build/temp.macosx-26.6-arm64-3.11/private/tmp/sleepedf-python-patch-20261008
creating build/temp.macosx-26.6-arm64-3.11/private/tmp/sleepedf-python-patch-20261008/Python-3.11.17
creating build/temp.macosx-26.6-arm64-3.11/private/tmp/sleepedf-python-patch-20261008
creating build/temp.macosx-26.6-arm64-3.11/private/tmp/sleepedf-python-patch-20261008/Python-3.11.17
creating build/temp.macosx-26.6-arm64-3.11/private/tmp/sleepedf-python-patch-20261008/Python-3.11.17
creating build/temp.macosx-26.6-arm64-3.11/private/tmp/sleepedf-python-patch-20261008/Python-3.11.17
creating build/temp.macosx-26.6-arm64-3.11/private/tmp/sleepedf-python-patch-20261008
creating build/temp.macosx-26.6-arm64-3.11/private/tmp/sleepedf-python-patch-20261008/Python-3.11.17
creating build/temp.macosx-26.6-arm64-3.11/private/tmp/sleepedf-python-patch-20261008/Python-3.11.17/Modules
creating build/temp.macosx-26.6-arm64-3.11/private/tmp/sleepedf-python-patch-20261008/Python-3.11.17/Modules
creating build/temp.macosx-26.6-arm64-3.11/private/tmp/sleepedf-python-patch-20261008/Python-3.11.17
creating build/temp.macosx-26.6-arm64-3.11/private/tmp/sleepedf-python-patch-20261008/Python-3.11.17/Modules
creating build/temp.macosx-26.6-arm64-3.11/private/tmp/sleepedf-python-patch-20261008/Python-3.11.17
creating build/temp.macosx-26.6-arm64-3.11/private/tmp/sleepedf-python-patch-20261008/Python-3.11.17/Modules
/usr/bin/clang -DNDEBUG -g -fwrapv -O3 -Wall -O2 -O2 -std=c11 -Werror=implicit-function-declaration -fvisibility=hidden -I./Include/internal -I./Include -I. -I/private/tmp/sleepedf-python-patch-20261008/Python-3.11.17/Include -I/private/tmp/sleepedf-python-patch-20261008/Python-3.11.17 -c /private/tmp/sleepedf-python-patch-20261008/Python-3.11.17/Modules/_randommodule.c -o build/temp.macosx-26.6-arm64-3.11/private/tmp/sleepedf-python-patch-20261008/Python-3.11.17/Modules/_randommodule.o
/usr/bin/clang -DNDEBUG -g -fwrapv -O3 -Wall -O2 -O2 -std=c11 -Werror=implicit-function-declaration -fvisibility=hidden -I./Include/internal -I./Include -I. -I/private/tmp/sleepedf-python-patch-20261008/Python-3.11.17/Include -I/private/tmp/sleepedf-python-patch-20261008/Python-3.11.17 -c /private/tmp/sleepedf-python-patch-20261008/Python-3.11.17/Modules/_datetimemodule.c -o build/temp.macosx-26.6-arm64-3.11/private/tmp/sleepedf-python-patch-20261008/Python-3.11.17/Modules/_datetimemodule.o
/usr/bin/clang -DNDEBUG -g -fwrapv -O3 -Wall -O2 -O2 -std=c11 -Werror=implicit-function-declaration -fvisibility=hidden -I./Include/internal -I./Include -I. -I/private/tmp/sleepedf-python-patch-20261008/Python-3.11.17/Include -I/private/tmp/sleepedf-python-patch-20261008/Python-3.11.17 -c /private/tmp/sleepedf-python-patch-20261008/Python-3.11.17/Modules/_heapqmodule.c -o build/temp.macosx-26.6-arm64-3.11/private/tmp/sleepedf-python-patch-20261008/Python-3.11.17/Modules/_heapqmodule.o
creating build/temp.macosx-26.6-arm64-3.11/private/tmp/sleepedf-python-patch-20261008/Python-3.11.17/Modules
creating build/temp.macosx-26.6-arm64-3.11/private/tmp/sleepedf-python-patch-20261008/Python-3.11.17/Modules
/usr/bin/clang -DNDEBUG -g -fwrapv -O3 -Wall -O2 -O2 -std=c11 -Werror=implicit-function-declaration -fvisibility=hidden -I./Include/internal -I./Include -I. -I/private/tmp/sleepedf-python-patch-20261008/Python-3.11.17/Include -I/private/tmp/sleepedf-python-patch-20261008/Python-3.11.17 -c /private/tmp/sleepedf-python-patch-20261008/Python-3.11.17/Modules/_contextvarsmodule.c -o build/temp.macosx-26.6-arm64-3.11/private/tmp/sleepedf-python-patch-20261008/Python-3.11.17/Modules/_contextvarsmodule.o
/usr/bin/clang -DNDEBUG -g -fwrapv -O3 -Wall -O2 -O2 -std=c11 -Werror=implicit-function-declaration -fvisibility=hidden -I./Include/internal -I./Include -I. -I/private/tmp/sleepedf-python-patch-20261008/Python-3.11.17/Include -I/private/tmp/sleepedf-python-patch-20261008/Python-3.11.17 -c /private/tmp/sleepedf-python-patch-20261008/Python-3.11.17/Modules/cmathmodule.c -o build/temp.macosx-26.6-arm64-3.11/private/tmp/sleepedf-python-patch-20261008/Python-3.11.17/Modules/cmathmodule.o
/usr/bin/clang -DNDEBUG -g -fwrapv -O3 -Wall -O2 -O2 -std=c11 -Werror=implicit-function-declaration -fvisibility=hidden -I./Include/internal -I./Include -I. -I/private/tmp/sleepedf-python-patch-20261008/Python-3.11.17/Include -I/private/tmp/sleepedf-python-patch-20261008/Python-3.11.17 -c /private/tmp/sleepedf-python-patch-20261008/Python-3.11.17/Modules/arraymodule.c -o build/temp.macosx-26.6-arm64-3.11/private/tmp/sleepedf-python-patch-20261008/Python-3.11.17/Modules/arraymodule.o
/usr/bin/clang -DNDEBUG -g -fwrapv -O3 -Wall -O2 -O2 -std=c11 -Werror=implicit-function-declaration -fvisibility=hidden -I./Include/internal -I./Include -I. -I/private/tmp/sleepedf-python-patch-20261008/Python-3.11.17/Include -I/private/tmp/sleepedf-python-patch-20261008/Python-3.11.17 -c /private/tmp/sleepedf-python-patch-20261008/Python-3.11.17/Modules/_pickle.c -o build/temp.macosx-26.6-arm64-3.11/private/tmp/sleepedf-python-patch-20261008/Python-3.11.17/Modules/_pickle.o
/usr/bin/clang -DNDEBUG -g -fwrapv -O3 -Wall -O2 -O2 -std=c11 -Werror=implicit-function-declaration -fvisibility=hidden -I./Include/internal -I./Include -I. -I/private/tmp/sleepedf-python-patch-20261008/Python-3.11.17/Include -I/private/tmp/sleepedf-python-patch-20261008/Python-3.11.17 -c /private/tmp/sleepedf-python-patch-20261008/Python-3.11.17/Modules/mathmodule.c -o build/temp.macosx-26.6-arm64-3.11/private/tmp/sleepedf-python-patch-20261008/Python-3.11.17/Modules/mathmodule.o
creating build/temp.macosx-26.6-arm64-3.11/private/tmp/sleepedf-python-patch-20261008/Python-3.11.17/Modules
/usr/bin/clang -DNDEBUG -g -fwrapv -O3 -Wall -O2 -O2 -std=c11 -Werror=implicit-function-declaration -fvisibility=hidden -I./Include/internal -I./Include -I. -I/private/tmp/sleepedf-python-patch-20261008/Python-3.11.17/Include -I/private/tmp/sleepedf-python-patch-20261008/Python-3.11.17 -c /private/tmp/sleepedf-python-patch-20261008/Python-3.11.17/Modules/_bisectmodule.c -o build/temp.macosx-26.6-arm64-3.11/private/tmp/sleepedf-python-patch-20261008/Python-3.11.17/Modules/_bisectmodule.o
/usr/bin/clang -DNDEBUG -g -fwrapv -O3 -Wall -O2 -O2 -std=c11 -Werror=implicit-function-declaration -fvisibility=hidden -I./Include/internal -I./Include -I. -I/private/tmp/sleepedf-python-patch-20261008/Python-3.11.17/Include -I/private/tmp/sleepedf-python-patch-20261008/Python-3.11.17 -c /private/tmp/sleepedf-python-patch-20261008/Python-3.11.17/Modules/_zoneinfo.c -o build/temp.macosx-26.6-arm64-3.11/private/tmp/sleepedf-python-patch-20261008/Python-3.11.17/Modules/_zoneinfo.o
/usr/bin/clang -bundle -undefined dynamic_lookup -O2 build/temp.macosx-26.6-arm64-3.11/private/tmp/sleepedf-python-patch-20261008/Python-3.11.17/Modules/_contextvarsmodule.o -o build/lib.macosx-26.6-arm64-3.11/_contextvars.cpython-311-darwin.so
/usr/bin/clang -bundle -undefined dynamic_lookup -O2 build/temp.macosx-26.6-arm64-3.11/private/tmp/sleepedf-python-patch-20261008/Python-3.11.17/Modules/_bisectmodule.o -o build/lib.macosx-26.6-arm64-3.11/_bisect.cpython-311-darwin.so
/usr/bin/clang -bundle -undefined dynamic_lookup -O2 build/temp.macosx-26.6-arm64-3.11/private/tmp/sleepedf-python-patch-20261008/Python-3.11.17/Modules/_heapqmodule.o -o build/lib.macosx-26.6-arm64-3.11/_heapq.cpython-311-darwin.so
building '_json' extension
/usr/bin/clang -DNDEBUG -g -fwrapv -O3 -Wall -O2 -O2 -std=c11 -Werror=implicit-function-declaration -fvisibility=hidden -I./Include/internal -I./Include -I. -I/private/tmp/sleepedf-python-patch-20261008/Python-3.11.17/Include -I/private/tmp/sleepedf-python-patch-20261008/Python-3.11.17 -c /private/tmp/sleepedf-python-patch-20261008/Python-3.11.17/Modules/_json.c -o build/temp.macosx-26.6-arm64-3.11/private/tmp/sleepedf-python-patch-20261008/Python-3.11.17/Modules/_json.o
/usr/bin/clang -bundle -undefined dynamic_lookup -O2 build/temp.macosx-26.6-arm64-3.11/private/tmp/sleepedf-python-patch-20261008/Python-3.11.17/Modules/_randommodule.o -o build/lib.macosx-26.6-arm64-3.11/_random.cpython-311-darwin.so
building '_lsprof' extension
/usr/bin/clang -DNDEBUG -g -fwrapv -O3 -Wall -O2 -O2 -std=c11 -Werror=implicit-function-declaration -fvisibility=hidden -I./Include/internal -I./Include -I. -I/private/tmp/sleepedf-python-patch-20261008/Python-3.11.17/Include -I/private/tmp/sleepedf-python-patch-20261008/Python-3.11.17 -c /private/tmp/sleepedf-python-patch-20261008/Python-3.11.17/Modules/_lsprof.c -o build/temp.macosx-26.6-arm64-3.11/private/tmp/sleepedf-python-patch-20261008/Python-3.11.17/Modules/_lsprof.o
building 'unicodedata' extension
/usr/bin/clang -DNDEBUG -g -fwrapv -O3 -Wall -O2 -O2 -std=c11 -Werror=implicit-function-declaration -fvisibility=hidden -I./Include/internal -I./Include -I. -I/private/tmp/sleepedf-python-patch-20261008/Python-3.11.17/Include -I/private/tmp/sleepedf-python-patch-20261008/Python-3.11.17 -c /private/tmp/sleepedf-python-patch-20261008/Python-3.11.17/Modules/unicodedata.c -o build/temp.macosx-26.6-arm64-3.11/private/tmp/sleepedf-python-patch-20261008/Python-3.11.17/Modules/unicodedata.o
building '_opcode' extension
/usr/bin/clang -DNDEBUG -g -fwrapv -O3 -Wall -O2 -O2 -std=c11 -Werror=implicit-function-declaration -fvisibility=hidden -I./Include/internal -I./Include -I. -I/private/tmp/sleepedf-python-patch-20261008/Python-3.11.17/Include -I/private/tmp/sleepedf-python-patch-20261008/Python-3.11.17 -c /private/tmp/sleepedf-python-patch-20261008/Python-3.11.17/Modules/_opcode.c -o build/temp.macosx-26.6-arm64-3.11/private/tmp/sleepedf-python-patch-20261008/Python-3.11.17/Modules/_opcode.o
/usr/bin/clang -bundle -undefined dynamic_lookup -O2 build/temp.macosx-26.6-arm64-3.11/private/tmp/sleepedf-python-patch-20261008/Python-3.11.17/Modules/_opcode.o -o build/lib.macosx-26.6-arm64-3.11/_opcode.cpython-311-darwin.so
/usr/bin/clang -bundle -undefined dynamic_lookup -O2 build/temp.macosx-26.6-arm64-3.11/private/tmp/sleepedf-python-patch-20261008/Python-3.11.17/Modules/_zoneinfo.o -o build/lib.macosx-26.6-arm64-3.11/_zoneinfo.cpython-311-darwin.so
/usr/bin/clang -bundle -undefined dynamic_lookup -O2 build/temp.macosx-26.6-arm64-3.11/private/tmp/sleepedf-python-patch-20261008/Python-3.11.17/Modules/cmathmodule.o -o build/lib.macosx-26.6-arm64-3.11/cmath.cpython-311-darwin.so
building '_asyncio' extension
/usr/bin/clang -DNDEBUG -g -fwrapv -O3 -Wall -O2 -O2 -std=c11 -Werror=implicit-function-declaration -fvisibility=hidden -I./Include/internal -I./Include -I. -I/private/tmp/sleepedf-python-patch-20261008/Python-3.11.17/Include -I/private/tmp/sleepedf-python-patch-20261008/Python-3.11.17 -c /private/tmp/sleepedf-python-patch-20261008/Python-3.11.17/Modules/_asynciomodule.c -o build/temp.macosx-26.6-arm64-3.11/private/tmp/sleepedf-python-patch-20261008/Python-3.11.17/Modules/_asynciomodule.o
/usr/bin/clang -DNDEBUG -g -fwrapv -O3 -Wall -O2 -O2 -std=c11 -Werror=implicit-function-declaration -fvisibility=hidden -I./Include/internal -I./Include -I. -I/private/tmp/sleepedf-python-patch-20261008/Python-3.11.17/Include -I/private/tmp/sleepedf-python-patch-20261008/Python-3.11.17 -c /private/tmp/sleepedf-python-patch-20261008/Python-3.11.17/Modules/rotatingtree.c -o build/temp.macosx-26.6-arm64-3.11/private/tmp/sleepedf-python-patch-20261008/Python-3.11.17/Modules/rotatingtree.o
building '_queue' extension
/usr/bin/clang -DNDEBUG -g -fwrapv -O3 -Wall -O2 -O2 -std=c11 -Werror=implicit-function-declaration -fvisibility=hidden -I./Include/internal -I./Include -I. -I/private/tmp/sleepedf-python-patch-20261008/Python-3.11.17/Include -I/private/tmp/sleepedf-python-patch-20261008/Python-3.11.17 -c /private/tmp/sleepedf-python-patch-20261008/Python-3.11.17/Modules/_queuemodule.c -o build/temp.macosx-26.6-arm64-3.11/private/tmp/sleepedf-python-patch-20261008/Python-3.11.17/Modules/_queuemodule.o
/usr/bin/clang -bundle -undefined dynamic_lookup -O2 build/temp.macosx-26.6-arm64-3.11/private/tmp/sleepedf-python-patch-20261008/Python-3.11.17/Modules/arraymodule.o -o build/lib.macosx-26.6-arm64-3.11/array.cpython-311-darwin.so
building '_statistics' extension
/usr/bin/clang -DNDEBUG -g -fwrapv -O3 -Wall -O2 -O2 -std=c11 -Werror=implicit-function-declaration -fvisibility=hidden -I./Include/internal -I./Include -I. -I/private/tmp/sleepedf-python-patch-20261008/Python-3.11.17/Include -I/private/tmp/sleepedf-python-patch-20261008/Python-3.11.17 -c /private/tmp/sleepedf-python-patch-20261008/Python-3.11.17/Modules/_statisticsmodule.c -o build/temp.macosx-26.6-arm64-3.11/private/tmp/sleepedf-python-patch-20261008/Python-3.11.17/Modules/_statisticsmodule.o
/usr/bin/clang -bundle -undefined dynamic_lookup -O2 build/temp.macosx-26.6-arm64-3.11/private/tmp/sleepedf-python-patch-20261008/Python-3.11.17/Modules/mathmodule.o -o build/lib.macosx-26.6-arm64-3.11/math.cpython-311-darwin.so
/usr/bin/clang -bundle -undefined dynamic_lookup -O2 build/temp.macosx-26.6-arm64-3.11/private/tmp/sleepedf-python-patch-20261008/Python-3.11.17/Modules/_lsprof.o build/temp.macosx-26.6-arm64-3.11/private/tmp/sleepedf-python-patch-20261008/Python-3.11.17/Modules/rotatingtree.o -o build/lib.macosx-26.6-arm64-3.11/_lsprof.cpython-311-darwin.so
building '_struct' extension
/usr/bin/clang -DNDEBUG -g -fwrapv -O3 -Wall -O2 -O2 -std=c11 -Werror=implicit-function-declaration -fvisibility=hidden -I./Include/internal -I./Include -I. -I/private/tmp/sleepedf-python-patch-20261008/Python-3.11.17/Include -I/private/tmp/sleepedf-python-patch-20261008/Python-3.11.17 -c /private/tmp/sleepedf-python-patch-20261008/Python-3.11.17/Modules/_struct.c -o build/temp.macosx-26.6-arm64-3.11/private/tmp/sleepedf-python-patch-20261008/Python-3.11.17/Modules/_struct.o
building '_typing' extension
/usr/bin/clang -DNDEBUG -g -fwrapv -O3 -Wall -O2 -O2 -std=c11 -Werror=implicit-function-declaration -fvisibility=hidden -I./Include/internal -I./Include -I. -I/private/tmp/sleepedf-python-patch-20261008/Python-3.11.17/Include -I/private/tmp/sleepedf-python-patch-20261008/Python-3.11.17 -c /private/tmp/sleepedf-python-patch-20261008/Python-3.11.17/Modules/_typingmodule.c -o build/temp.macosx-26.6-arm64-3.11/private/tmp/sleepedf-python-patch-20261008/Python-3.11.17/Modules/_typingmodule.o
/usr/bin/clang -bundle -undefined dynamic_lookup -O2 build/temp.macosx-26.6-arm64-3.11/private/tmp/sleepedf-python-patch-20261008/Python-3.11.17/Modules/_statisticsmodule.o -o build/lib.macosx-26.6-arm64-3.11/_statistics.cpython-311-darwin.so
building 'fcntl' extension
/usr/bin/clang -bundle -undefined dynamic_lookup -O2 build/temp.macosx-26.6-arm64-3.11/private/tmp/sleepedf-python-patch-20261008/Python-3.11.17/Modules/_queuemodule.o -o build/lib.macosx-26.6-arm64-3.11/_queue.cpython-311-darwin.so
/usr/bin/clang -DNDEBUG -g -fwrapv -O3 -Wall -O2 -O2 -std=c11 -Werror=implicit-function-declaration -fvisibility=hidden -I./Include/internal -I./Include -I. -I/private/tmp/sleepedf-python-patch-20261008/Python-3.11.17/Include -I/private/tmp/sleepedf-python-patch-20261008/Python-3.11.17 -c /private/tmp/sleepedf-python-patch-20261008/Python-3.11.17/Modules/fcntlmodule.c -o build/temp.macosx-26.6-arm64-3.11/private/tmp/sleepedf-python-patch-20261008/Python-3.11.17/Modules/fcntlmodule.o
building 'grp' extension
/usr/bin/clang -DNDEBUG -g -fwrapv -O3 -Wall -O2 -O2 -std=c11 -Werror=implicit-function-declaration -fvisibility=hidden -I./Include/internal -I./Include -I. -I/private/tmp/sleepedf-python-patch-20261008/Python-3.11.17/Include -I/private/tmp/sleepedf-python-patch-20261008/Python-3.11.17 -c /private/tmp/sleepedf-python-patch-20261008/Python-3.11.17/Modules/grpmodule.c -o build/temp.macosx-26.6-arm64-3.11/private/tmp/sleepedf-python-patch-20261008/Python-3.11.17/Modules/grpmodule.o
building '_socket' extension
/usr/bin/clang -DNDEBUG -g -fwrapv -O3 -Wall -O2 -O2 -std=c11 -Werror=implicit-function-declaration -fvisibility=hidden -I./Include/internal -I./Include -I. -I/private/tmp/sleepedf-python-patch-20261008/Python-3.11.17/Include -I/private/tmp/sleepedf-python-patch-20261008/Python-3.11.17 -c /private/tmp/sleepedf-python-patch-20261008/Python-3.11.17/Modules/socketmodule.c -o build/temp.macosx-26.6-arm64-3.11/private/tmp/sleepedf-python-patch-20261008/Python-3.11.17/Modules/socketmodule.o
/usr/bin/clang -bundle -undefined dynamic_lookup -O2 build/temp.macosx-26.6-arm64-3.11/private/tmp/sleepedf-python-patch-20261008/Python-3.11.17/Modules/_typingmodule.o -o build/lib.macosx-26.6-arm64-3.11/_typing.cpython-311-darwin.so
/usr/bin/clang -bundle -undefined dynamic_lookup -O2 build/temp.macosx-26.6-arm64-3.11/private/tmp/sleepedf-python-patch-20261008/Python-3.11.17/Modules/_json.o -o build/lib.macosx-26.6-arm64-3.11/_json.cpython-311-darwin.so
/usr/bin/clang -bundle -undefined dynamic_lookup -O2 build/temp.macosx-26.6-arm64-3.11/private/tmp/sleepedf-python-patch-20261008/Python-3.11.17/Modules/fcntlmodule.o -o build/lib.macosx-26.6-arm64-3.11/fcntl.cpython-311-darwin.so
building 'select' extension
/usr/bin/clang -DNDEBUG -g -fwrapv -O3 -Wall -O2 -O2 -std=c11 -Werror=implicit-function-declaration -fvisibility=hidden -I./Include/internal -I./Include -I. -I/private/tmp/sleepedf-python-patch-20261008/Python-3.11.17/Include -I/private/tmp/sleepedf-python-patch-20261008/Python-3.11.17 -c /private/tmp/sleepedf-python-patch-20261008/Python-3.11.17/Modules/selectmodule.c -o build/temp.macosx-26.6-arm64-3.11/private/tmp/sleepedf-python-patch-20261008/Python-3.11.17/Modules/selectmodule.o
/usr/bin/clang -bundle -undefined dynamic_lookup -O2 build/temp.macosx-26.6-arm64-3.11/private/tmp/sleepedf-python-patch-20261008/Python-3.11.17/Modules/_asynciomodule.o -o build/lib.macosx-26.6-arm64-3.11/_asyncio.cpython-311-darwin.so
/usr/bin/clang -bundle -undefined dynamic_lookup -O2 build/temp.macosx-26.6-arm64-3.11/private/tmp/sleepedf-python-patch-20261008/Python-3.11.17/Modules/grpmodule.o -o build/lib.macosx-26.6-arm64-3.11/grp.cpython-311-darwin.so
building 'mmap' extension
/usr/bin/clang -DNDEBUG -g -fwrapv -O3 -Wall -O2 -O2 -std=c11 -Werror=implicit-function-declaration -fvisibility=hidden -I./Include/internal -I./Include -I. -I/private/tmp/sleepedf-python-patch-20261008/Python-3.11.17/Include -I/private/tmp/sleepedf-python-patch-20261008/Python-3.11.17 -c /private/tmp/sleepedf-python-patch-20261008/Python-3.11.17/Modules/mmapmodule.c -o build/temp.macosx-26.6-arm64-3.11/private/tmp/sleepedf-python-patch-20261008/Python-3.11.17/Modules/mmapmodule.o
building 'syslog' extension
/usr/bin/clang -DNDEBUG -g -fwrapv -O3 -Wall -O2 -O2 -std=c11 -Werror=implicit-function-declaration -fvisibility=hidden -I./Include/internal -I./Include -I. -I/private/tmp/sleepedf-python-patch-20261008/Python-3.11.17/Include -I/private/tmp/sleepedf-python-patch-20261008/Python-3.11.17 -c /private/tmp/sleepedf-python-patch-20261008/Python-3.11.17/Modules/syslogmodule.c -o build/temp.macosx-26.6-arm64-3.11/private/tmp/sleepedf-python-patch-20261008/Python-3.11.17/Modules/syslogmodule.o
/usr/bin/clang -bundle -undefined dynamic_lookup -O2 build/temp.macosx-26.6-arm64-3.11/private/tmp/sleepedf-python-patch-20261008/Python-3.11.17/Modules/_datetimemodule.o -o build/lib.macosx-26.6-arm64-3.11/_datetime.cpython-311-darwin.so
building '_xxsubinterpreters' extension
/usr/bin/clang -DNDEBUG -g -fwrapv -O3 -Wall -O2 -O2 -std=c11 -Werror=implicit-function-declaration -fvisibility=hidden -I./Include/internal -I./Include -I. -I/private/tmp/sleepedf-python-patch-20261008/Python-3.11.17/Include -I/private/tmp/sleepedf-python-patch-20261008/Python-3.11.17 -c /private/tmp/sleepedf-python-patch-20261008/Python-3.11.17/Modules/_xxsubinterpretersmodule.c -o build/temp.macosx-26.6-arm64-3.11/private/tmp/sleepedf-python-patch-20261008/Python-3.11.17/Modules/_xxsubinterpretersmodule.o
building 'audioop' extension
/usr/bin/clang -DNDEBUG -g -fwrapv -O3 -Wall -O2 -O2 -std=c11 -Werror=implicit-function-declaration -fvisibility=hidden -I./Include/internal -I./Include -I. -I/private/tmp/sleepedf-python-patch-20261008/Python-3.11.17/Include -I/private/tmp/sleepedf-python-patch-20261008/Python-3.11.17 -c /private/tmp/sleepedf-python-patch-20261008/Python-3.11.17/Modules/audioop.c -o build/temp.macosx-26.6-arm64-3.11/private/tmp/sleepedf-python-patch-20261008/Python-3.11.17/Modules/audioop.o
/usr/bin/clang -bundle -undefined dynamic_lookup -O2 build/temp.macosx-26.6-arm64-3.11/private/tmp/sleepedf-python-patch-20261008/Python-3.11.17/Modules/_struct.o -o build/lib.macosx-26.6-arm64-3.11/_struct.cpython-311-darwin.so
building '_csv' extension
/usr/bin/clang -DNDEBUG -g -fwrapv -O3 -Wall -O2 -O2 -std=c11 -Werror=implicit-function-declaration -fvisibility=hidden -I./Include/internal -I./Include -I. -I/private/tmp/sleepedf-python-patch-20261008/Python-3.11.17/Include -I/private/tmp/sleepedf-python-patch-20261008/Python-3.11.17 -c /private/tmp/sleepedf-python-patch-20261008/Python-3.11.17/Modules/_csv.c -o build/temp.macosx-26.6-arm64-3.11/private/tmp/sleepedf-python-patch-20261008/Python-3.11.17/Modules/_csv.o
/usr/bin/clang -bundle -undefined dynamic_lookup -O2 build/temp.macosx-26.6-arm64-3.11/private/tmp/sleepedf-python-patch-20261008/Python-3.11.17/Modules/syslogmodule.o -o build/lib.macosx-26.6-arm64-3.11/syslog.cpython-311-darwin.so
/usr/bin/clang -bundle -undefined dynamic_lookup -O2 build/temp.macosx-26.6-arm64-3.11/private/tmp/sleepedf-python-patch-20261008/Python-3.11.17/Modules/mmapmodule.o -o build/lib.macosx-26.6-arm64-3.11/mmap.cpython-311-darwin.so
building '_posixsubprocess' extension
/usr/bin/clang -DNDEBUG -g -fwrapv -O3 -Wall -O2 -O2 -std=c11 -Werror=implicit-function-declaration -fvisibility=hidden -I./Include/internal -I./Include -I. -I/private/tmp/sleepedf-python-patch-20261008/Python-3.11.17/Include -I/private/tmp/sleepedf-python-patch-20261008/Python-3.11.17 -c /private/tmp/sleepedf-python-patch-20261008/Python-3.11.17/Modules/_posixsubprocess.c -o build/temp.macosx-26.6-arm64-3.11/private/tmp/sleepedf-python-patch-20261008/Python-3.11.17/Modules/_posixsubprocess.o
/usr/bin/clang -bundle -undefined dynamic_lookup -O2 build/temp.macosx-26.6-arm64-3.11/private/tmp/sleepedf-python-patch-20261008/Python-3.11.17/Modules/selectmodule.o -o build/lib.macosx-26.6-arm64-3.11/select.cpython-311-darwin.so
building '_testcapi' extension
/usr/bin/clang -DNDEBUG -g -fwrapv -O3 -Wall -O2 -O2 -std=c11 -Werror=implicit-function-declaration -fvisibility=hidden -I./Include/internal -I./Include -I. -I/private/tmp/sleepedf-python-patch-20261008/Python-3.11.17/Include -I/private/tmp/sleepedf-python-patch-20261008/Python-3.11.17 -c /private/tmp/sleepedf-python-patch-20261008/Python-3.11.17/Modules/_testcapimodule.c -o build/temp.macosx-26.6-arm64-3.11/private/tmp/sleepedf-python-patch-20261008/Python-3.11.17/Modules/_testcapimodule.o
building '_testclinic' extension
/usr/bin/clang -DNDEBUG -g -fwrapv -O3 -Wall -O2 -O2 -std=c11 -Werror=implicit-function-declaration -fvisibility=hidden -I./Include/internal -I./Include -I. -I/private/tmp/sleepedf-python-patch-20261008/Python-3.11.17/Include -I/private/tmp/sleepedf-python-patch-20261008/Python-3.11.17 -c /private/tmp/sleepedf-python-patch-20261008/Python-3.11.17/Modules/_testclinic.c -o build/temp.macosx-26.6-arm64-3.11/private/tmp/sleepedf-python-patch-20261008/Python-3.11.17/Modules/_testclinic.o
/usr/bin/clang -bundle -undefined dynamic_lookup -O2 build/temp.macosx-26.6-arm64-3.11/private/tmp/sleepedf-python-patch-20261008/Python-3.11.17/Modules/unicodedata.o -o build/lib.macosx-26.6-arm64-3.11/unicodedata.cpython-311-darwin.so
building '_testinternalcapi' extension
/usr/bin/clang -DNDEBUG -g -fwrapv -O3 -Wall -O2 -O2 -std=c11 -Werror=implicit-function-declaration -fvisibility=hidden -I./Include/internal -I./Include -I. -I/private/tmp/sleepedf-python-patch-20261008/Python-3.11.17/Include -I/private/tmp/sleepedf-python-patch-20261008/Python-3.11.17 -c /private/tmp/sleepedf-python-patch-20261008/Python-3.11.17/Modules/_testinternalcapi.c -o build/temp.macosx-26.6-arm64-3.11/private/tmp/sleepedf-python-patch-20261008/Python-3.11.17/Modules/_testinternalcapi.o
building '_testbuffer' extension
/usr/bin/clang -DNDEBUG -g -fwrapv -O3 -Wall -O2 -O2 -std=c11 -Werror=implicit-function-declaration -fvisibility=hidden -I./Include/internal -I./Include -I. -I/private/tmp/sleepedf-python-patch-20261008/Python-3.11.17/Include -I/private/tmp/sleepedf-python-patch-20261008/Python-3.11.17 -c /private/tmp/sleepedf-python-patch-20261008/Python-3.11.17/Modules/_testbuffer.c -o build/temp.macosx-26.6-arm64-3.11/private/tmp/sleepedf-python-patch-20261008/Python-3.11.17/Modules/_testbuffer.o
/usr/bin/clang -bundle -undefined dynamic_lookup -O2 build/temp.macosx-26.6-arm64-3.11/private/tmp/sleepedf-python-patch-20261008/Python-3.11.17/Modules/socketmodule.o -o build/lib.macosx-26.6-arm64-3.11/_socket.cpython-311-darwin.so
/usr/bin/clang -bundle -undefined dynamic_lookup -O2 build/temp.macosx-26.6-arm64-3.11/private/tmp/sleepedf-python-patch-20261008/Python-3.11.17/Modules/_posixsubprocess.o -o build/lib.macosx-26.6-arm64-3.11/_posixsubprocess.cpython-311-darwin.so
/usr/bin/clang -bundle -undefined dynamic_lookup -O2 build/temp.macosx-26.6-arm64-3.11/private/tmp/sleepedf-python-patch-20261008/Python-3.11.17/Modules/_csv.o -o build/lib.macosx-26.6-arm64-3.11/_csv.cpython-311-darwin.so
/usr/bin/clang -bundle -undefined dynamic_lookup -O2 build/temp.macosx-26.6-arm64-3.11/private/tmp/sleepedf-python-patch-20261008/Python-3.11.17/Modules/_xxsubinterpretersmodule.o -o build/lib.macosx-26.6-arm64-3.11/_xxsubinterpreters.cpython-311-darwin.so
building '_testimportmultiple' extension
/usr/bin/clang -DNDEBUG -g -fwrapv -O3 -Wall -O2 -O2 -std=c11 -Werror=implicit-function-declaration -fvisibility=hidden -I./Include/internal -I./Include -I. -I/private/tmp/sleepedf-python-patch-20261008/Python-3.11.17/Include -I/private/tmp/sleepedf-python-patch-20261008/Python-3.11.17 -c /private/tmp/sleepedf-python-patch-20261008/Python-3.11.17/Modules/_testimportmultiple.c -o build/temp.macosx-26.6-arm64-3.11/private/tmp/sleepedf-python-patch-20261008/Python-3.11.17/Modules/_testimportmultiple.o
building '_testmultiphase' extension
/usr/bin/clang -DNDEBUG -g -fwrapv -O3 -Wall -O2 -O2 -std=c11 -Werror=implicit-function-declaration -fvisibility=hidden -I./Include/internal -I./Include -I. -I/private/tmp/sleepedf-python-patch-20261008/Python-3.11.17/Include -I/private/tmp/sleepedf-python-patch-20261008/Python-3.11.17 -c /private/tmp/sleepedf-python-patch-20261008/Python-3.11.17/Modules/_testmultiphase.c -o build/temp.macosx-26.6-arm64-3.11/private/tmp/sleepedf-python-patch-20261008/Python-3.11.17/Modules/_testmultiphase.o
/usr/bin/clang -bundle -undefined dynamic_lookup -O2 build/temp.macosx-26.6-arm64-3.11/private/tmp/sleepedf-python-patch-20261008/Python-3.11.17/Modules/_testinternalcapi.o -o build/lib.macosx-26.6-arm64-3.11/_testinternalcapi.cpython-311-darwin.so
building '_xxtestfuzz' extension
creating build/temp.macosx-26.6-arm64-3.11/private/tmp/sleepedf-python-patch-20261008/Python-3.11.17/Modules/_xxtestfuzz
/usr/bin/clang -DNDEBUG -g -fwrapv -O3 -Wall -O2 -O2 -std=c11 -Werror=implicit-function-declaration -fvisibility=hidden -I./Include/internal -I./Include -I. -I/private/tmp/sleepedf-python-patch-20261008/Python-3.11.17/Include -I/private/tmp/sleepedf-python-patch-20261008/Python-3.11.17 -c /private/tmp/sleepedf-python-patch-20261008/Python-3.11.17/Modules/_xxtestfuzz/_xxtestfuzz.c -o build/temp.macosx-26.6-arm64-3.11/private/tmp/sleepedf-python-patch-20261008/Python-3.11.17/Modules/_xxtestfuzz/_xxtestfuzz.o
building 'readline' extension
/usr/bin/clang -DNDEBUG -g -fwrapv -O3 -Wall -O2 -O2 -std=c11 -Werror=implicit-function-declaration -fvisibility=hidden -I./Include/internal -I./Include -I. -I/private/tmp/sleepedf-python-patch-20261008/Python-3.11.17/Include -I/private/tmp/sleepedf-python-patch-20261008/Python-3.11.17 -c /private/tmp/sleepedf-python-patch-20261008/Python-3.11.17/Modules/readline.c -o build/temp.macosx-26.6-arm64-3.11/private/tmp/sleepedf-python-patch-20261008/Python-3.11.17/Modules/readline.o
/usr/bin/clang -bundle -undefined dynamic_lookup -O2 build/temp.macosx-26.6-arm64-3.11/private/tmp/sleepedf-python-patch-20261008/Python-3.11.17/Modules/audioop.o -o build/lib.macosx-26.6-arm64-3.11/audioop.cpython-311-darwin.so
building '_curses' extension
/usr/bin/clang -DNDEBUG -g -fwrapv -O3 -Wall -O2 -O2 -std=c11 -Werror=implicit-function-declaration -fvisibility=hidden -I./Include/internal -DHAVE_NCURSESW=1 -D_XOPEN_SOURCE_EXTENDED=1 -I./Include -I. -I/private/tmp/sleepedf-python-patch-20261008/Python-3.11.17/Include -I/private/tmp/sleepedf-python-patch-20261008/Python-3.11.17 -c /private/tmp/sleepedf-python-patch-20261008/Python-3.11.17/Modules/_cursesmodule.c -o build/temp.macosx-26.6-arm64-3.11/private/tmp/sleepedf-python-patch-20261008/Python-3.11.17/Modules/_cursesmodule.o
/usr/bin/clang -bundle -undefined dynamic_lookup -O2 build/temp.macosx-26.6-arm64-3.11/private/tmp/sleepedf-python-patch-20261008/Python-3.11.17/Modules/_testimportmultiple.o -o build/lib.macosx-26.6-arm64-3.11/_testimportmultiple.cpython-311-darwin.so
/usr/bin/clang -DNDEBUG -g -fwrapv -O3 -Wall -O2 -O2 -std=c11 -Werror=implicit-function-declaration -fvisibility=hidden -I./Include/internal -I./Include -I. -I/private/tmp/sleepedf-python-patch-20261008/Python-3.11.17/Include -I/private/tmp/sleepedf-python-patch-20261008/Python-3.11.17 -c /private/tmp/sleepedf-python-patch-20261008/Python-3.11.17/Modules/_xxtestfuzz/fuzzer.c -o build/temp.macosx-26.6-arm64-3.11/private/tmp/sleepedf-python-patch-20261008/Python-3.11.17/Modules/_xxtestfuzz/fuzzer.o
/usr/bin/clang -bundle -undefined dynamic_lookup -O2 build/temp.macosx-26.6-arm64-3.11/private/tmp/sleepedf-python-patch-20261008/Python-3.11.17/Modules/_testmultiphase.o -o build/lib.macosx-26.6-arm64-3.11/_testmultiphase.cpython-311-darwin.so
/usr/bin/clang -bundle -undefined dynamic_lookup -O2 build/temp.macosx-26.6-arm64-3.11/private/tmp/sleepedf-python-patch-20261008/Python-3.11.17/Modules/_testclinic.o -o build/lib.macosx-26.6-arm64-3.11/_testclinic.cpython-311-darwin.so
/usr/bin/clang -bundle -undefined dynamic_lookup -O2 build/temp.macosx-26.6-arm64-3.11/private/tmp/sleepedf-python-patch-20261008/Python-3.11.17/Modules/_pickle.o -o build/lib.macosx-26.6-arm64-3.11/_pickle.cpython-311-darwin.so
building '_curses_panel' extension
/usr/bin/clang -DNDEBUG -g -fwrapv -O3 -Wall -O2 -O2 -std=c11 -Werror=implicit-function-declaration -fvisibility=hidden -I./Include/internal -DHAVE_NCURSESW=1 -D_XOPEN_SOURCE_EXTENDED=1 -I./Include -I. -I/private/tmp/sleepedf-python-patch-20261008/Python-3.11.17/Include -I/private/tmp/sleepedf-python-patch-20261008/Python-3.11.17 -c /private/tmp/sleepedf-python-patch-20261008/Python-3.11.17/Modules/_curses_panel.c -o build/temp.macosx-26.6-arm64-3.11/private/tmp/sleepedf-python-patch-20261008/Python-3.11.17/Modules/_curses_panel.o
building '_crypt' extension
/usr/bin/clang -DNDEBUG -g -fwrapv -O3 -Wall -O2 -O2 -std=c11 -Werror=implicit-function-declaration -fvisibility=hidden -I./Include/internal -I./Include -I. -I/private/tmp/sleepedf-python-patch-20261008/Python-3.11.17/Include -I/private/tmp/sleepedf-python-patch-20261008/Python-3.11.17 -c /private/tmp/sleepedf-python-patch-20261008/Python-3.11.17/Modules/_cryptmodule.c -o build/temp.macosx-26.6-arm64-3.11/private/tmp/sleepedf-python-patch-20261008/Python-3.11.17/Modules/_cryptmodule.o
building '_ssl' extension
/usr/bin/clang -DNDEBUG -g -fwrapv -O3 -Wall -O2 -O2 -std=c11 -Werror=implicit-function-declaration -fvisibility=hidden -I./Include/internal -I/opt/homebrew/opt/openssl@3/include -I./Include -I. -I/private/tmp/sleepedf-python-patch-20261008/Python-3.11.17/Include -I/private/tmp/sleepedf-python-patch-20261008/Python-3.11.17 -c /private/tmp/sleepedf-python-patch-20261008/Python-3.11.17/Modules/_ssl.c -o build/temp.macosx-26.6-arm64-3.11/private/tmp/sleepedf-python-patch-20261008/Python-3.11.17/Modules/_ssl.o
building '_hashlib' extension
building '_md5' extension
/usr/bin/clang -DNDEBUG -g -fwrapv -O3 -Wall -O2 -O2 -std=c11 -Werror=implicit-function-declaration -fvisibility=hidden -I./Include/internal -I/opt/homebrew/opt/openssl@3/include -I./Include -I. -I/private/tmp/sleepedf-python-patch-20261008/Python-3.11.17/Include -I/private/tmp/sleepedf-python-patch-20261008/Python-3.11.17 -c /private/tmp/sleepedf-python-patch-20261008/Python-3.11.17/Modules/_hashopenssl.c -o build/temp.macosx-26.6-arm64-3.11/private/tmp/sleepedf-python-patch-20261008/Python-3.11.17/Modules/_hashopenssl.o
/usr/bin/clang -DNDEBUG -g -fwrapv -O3 -Wall -O2 -O2 -std=c11 -Werror=implicit-function-declaration -fvisibility=hidden -I./Include/internal -I./Include -I. -I/private/tmp/sleepedf-python-patch-20261008/Python-3.11.17/Include -I/private/tmp/sleepedf-python-patch-20261008/Python-3.11.17 -c /private/tmp/sleepedf-python-patch-20261008/Python-3.11.17/Modules/md5module.c -o build/temp.macosx-26.6-arm64-3.11/private/tmp/sleepedf-python-patch-20261008/Python-3.11.17/Modules/md5module.o
/usr/bin/clang -bundle -undefined dynamic_lookup -O2 build/temp.macosx-26.6-arm64-3.11/private/tmp/sleepedf-python-patch-20261008/Python-3.11.17/Modules/readline.o -L/usr/lib/termcap -lreadline -lncurses -o build/lib.macosx-26.6-arm64-3.11/readline.cpython-311-darwin.so
/usr/bin/clang -bundle -undefined dynamic_lookup -O2 build/temp.macosx-26.6-arm64-3.11/private/tmp/sleepedf-python-patch-20261008/Python-3.11.17/Modules/_xxtestfuzz/_xxtestfuzz.o build/temp.macosx-26.6-arm64-3.11/private/tmp/sleepedf-python-patch-20261008/Python-3.11.17/Modules/_xxtestfuzz/fuzzer.o -o build/lib.macosx-26.6-arm64-3.11/_xxtestfuzz.cpython-311-darwin.so
ld: warning: search path '/usr/lib/termcap' not found
/usr/bin/clang -bundle -undefined dynamic_lookup -O2 build/temp.macosx-26.6-arm64-3.11/private/tmp/sleepedf-python-patch-20261008/Python-3.11.17/Modules/_cryptmodule.o -o build/lib.macosx-26.6-arm64-3.11/_crypt.cpython-311-darwin.so
building '_sha1' extension
/usr/bin/clang -DNDEBUG -g -fwrapv -O3 -Wall -O2 -O2 -std=c11 -Werror=implicit-function-declaration -fvisibility=hidden -I./Include/internal -I./Include -I. -I/private/tmp/sleepedf-python-patch-20261008/Python-3.11.17/Include -I/private/tmp/sleepedf-python-patch-20261008/Python-3.11.17 -c /private/tmp/sleepedf-python-patch-20261008/Python-3.11.17/Modules/sha1module.c -o build/temp.macosx-26.6-arm64-3.11/private/tmp/sleepedf-python-patch-20261008/Python-3.11.17/Modules/sha1module.o
/usr/bin/clang -bundle -undefined dynamic_lookup -O2 build/temp.macosx-26.6-arm64-3.11/private/tmp/sleepedf-python-patch-20261008/Python-3.11.17/Modules/_testbuffer.o -o build/lib.macosx-26.6-arm64-3.11/_testbuffer.cpython-311-darwin.so
building '_sha256' extension
/usr/bin/clang -DNDEBUG -g -fwrapv -O3 -Wall -O2 -O2 -std=c11 -Werror=implicit-function-declaration -fvisibility=hidden -I./Include/internal -I./Include -I. -I/private/tmp/sleepedf-python-patch-20261008/Python-3.11.17/Include -I/private/tmp/sleepedf-python-patch-20261008/Python-3.11.17 -c /private/tmp/sleepedf-python-patch-20261008/Python-3.11.17/Modules/sha256module.c -o build/temp.macosx-26.6-arm64-3.11/private/tmp/sleepedf-python-patch-20261008/Python-3.11.17/Modules/sha256module.o
building '_sha512' extension
/usr/bin/clang -DNDEBUG -g -fwrapv -O3 -Wall -O2 -O2 -std=c11 -Werror=implicit-function-declaration -fvisibility=hidden -I./Include/internal -I./Include -I. -I/private/tmp/sleepedf-python-patch-20261008/Python-3.11.17/Include -I/private/tmp/sleepedf-python-patch-20261008/Python-3.11.17 -c /private/tmp/sleepedf-python-patch-20261008/Python-3.11.17/Modules/sha512module.c -o build/temp.macosx-26.6-arm64-3.11/private/tmp/sleepedf-python-patch-20261008/Python-3.11.17/Modules/sha512module.o
/usr/bin/clang -bundle -undefined dynamic_lookup -O2 build/temp.macosx-26.6-arm64-3.11/private/tmp/sleepedf-python-patch-20261008/Python-3.11.17/Modules/_curses_panel.o -lpanel -lncurses -o build/lib.macosx-26.6-arm64-3.11/_curses_panel.cpython-311-darwin.so
building '_sha3' extension
creating build/temp.macosx-26.6-arm64-3.11/private/tmp/sleepedf-python-patch-20261008/Python-3.11.17/Modules/_sha3
/usr/bin/clang -DNDEBUG -g -fwrapv -O3 -Wall -O2 -O2 -std=c11 -Werror=implicit-function-declaration -fvisibility=hidden -I./Include/internal -I./Include -I. -I/private/tmp/sleepedf-python-patch-20261008/Python-3.11.17/Include -I/private/tmp/sleepedf-python-patch-20261008/Python-3.11.17 -c /private/tmp/sleepedf-python-patch-20261008/Python-3.11.17/Modules/_sha3/sha3module.c -o build/temp.macosx-26.6-arm64-3.11/private/tmp/sleepedf-python-patch-20261008/Python-3.11.17/Modules/_sha3/sha3module.o
/usr/bin/clang -bundle -undefined dynamic_lookup -O2 build/temp.macosx-26.6-arm64-3.11/private/tmp/sleepedf-python-patch-20261008/Python-3.11.17/Modules/md5module.o -o build/lib.macosx-26.6-arm64-3.11/_md5.cpython-311-darwin.so
building '_blake2' extension
creating build/temp.macosx-26.6-arm64-3.11/private/tmp/sleepedf-python-patch-20261008/Python-3.11.17/Modules/_blake2
/usr/bin/clang -DNDEBUG -g -fwrapv -O3 -Wall -O2 -O2 -std=c11 -Werror=implicit-function-declaration -fvisibility=hidden -I./Include/internal -I/opt/homebrew/Cellar/libb2/0.98.1/include -I./Include -I. -I/private/tmp/sleepedf-python-patch-20261008/Python-3.11.17/Include -I/private/tmp/sleepedf-python-patch-20261008/Python-3.11.17 -c /private/tmp/sleepedf-python-patch-20261008/Python-3.11.17/Modules/_blake2/blake2b_impl.c -o build/temp.macosx-26.6-arm64-3.11/private/tmp/sleepedf-python-patch-20261008/Python-3.11.17/Modules/_blake2/blake2b_impl.o
/usr/bin/clang -bundle -undefined dynamic_lookup -O2 build/temp.macosx-26.6-arm64-3.11/private/tmp/sleepedf-python-patch-20261008/Python-3.11.17/Modules/sha1module.o -o build/lib.macosx-26.6-arm64-3.11/_sha1.cpython-311-darwin.so
building '_dbm' extension
/usr/bin/clang -DNDEBUG -g -fwrapv -O3 -Wall -O2 -O2 -std=c11 -Werror=implicit-function-declaration -fvisibility=hidden -I./Include/internal -DUSE_NDBM -I./Include -I. -I/private/tmp/sleepedf-python-patch-20261008/Python-3.11.17/Include -I/private/tmp/sleepedf-python-patch-20261008/Python-3.11.17 -c /private/tmp/sleepedf-python-patch-20261008/Python-3.11.17/Modules/_dbmmodule.c -o build/temp.macosx-26.6-arm64-3.11/private/tmp/sleepedf-python-patch-20261008/Python-3.11.17/Modules/_dbmmodule.o
building '_sqlite3' extension
creating build/temp.macosx-26.6-arm64-3.11/private/tmp/sleepedf-python-patch-20261008/Python-3.11.17/Modules/_sqlite
/usr/bin/clang -DNDEBUG -g -fwrapv -O3 -Wall -O2 -O2 -std=c11 -Werror=implicit-function-declaration -fvisibility=hidden -I./Include/internal -I./Modules/_sqlite -I./Include -I. -I/private/tmp/sleepedf-python-patch-20261008/Python-3.11.17/Include -I/private/tmp/sleepedf-python-patch-20261008/Python-3.11.17 -c /private/tmp/sleepedf-python-patch-20261008/Python-3.11.17/Modules/_sqlite/blob.c -o build/temp.macosx-26.6-arm64-3.11/private/tmp/sleepedf-python-patch-20261008/Python-3.11.17/Modules/_sqlite/blob.o
/usr/bin/clang -DNDEBUG -g -fwrapv -O3 -Wall -O2 -O2 -std=c11 -Werror=implicit-function-declaration -fvisibility=hidden -I./Include/internal -I/opt/homebrew/Cellar/libb2/0.98.1/include -I./Include -I. -I/private/tmp/sleepedf-python-patch-20261008/Python-3.11.17/Include -I/private/tmp/sleepedf-python-patch-20261008/Python-3.11.17 -c /private/tmp/sleepedf-python-patch-20261008/Python-3.11.17/Modules/_blake2/blake2module.c -o build/temp.macosx-26.6-arm64-3.11/private/tmp/sleepedf-python-patch-20261008/Python-3.11.17/Modules/_blake2/blake2module.o
/usr/bin/clang -bundle -undefined dynamic_lookup -O2 build/temp.macosx-26.6-arm64-3.11/private/tmp/sleepedf-python-patch-20261008/Python-3.11.17/Modules/_hashopenssl.o -L/opt/homebrew/opt/openssl@3/lib -lcrypto -o build/lib.macosx-26.6-arm64-3.11/_hashlib.cpython-311-darwin.so
/usr/bin/clang -bundle -undefined dynamic_lookup -O2 build/temp.macosx-26.6-arm64-3.11/private/tmp/sleepedf-python-patch-20261008/Python-3.11.17/Modules/_testcapimodule.o -o build/lib.macosx-26.6-arm64-3.11/_testcapi.cpython-311-darwin.so
/usr/bin/clang -bundle -undefined dynamic_lookup -O2 build/temp.macosx-26.6-arm64-3.11/private/tmp/sleepedf-python-patch-20261008/Python-3.11.17/Modules/_sha3/sha3module.o -o build/lib.macosx-26.6-arm64-3.11/_sha3.cpython-311-darwin.so
/usr/bin/clang -bundle -undefined dynamic_lookup -O2 build/temp.macosx-26.6-arm64-3.11/private/tmp/sleepedf-python-patch-20261008/Python-3.11.17/Modules/sha512module.o -o build/lib.macosx-26.6-arm64-3.11/_sha512.cpython-311-darwin.so
building 'termios' extension
/usr/bin/clang -DNDEBUG -g -fwrapv -O3 -Wall -O2 -O2 -std=c11 -Werror=implicit-function-declaration -fvisibility=hidden -I./Include/internal -I./Include -I. -I/private/tmp/sleepedf-python-patch-20261008/Python-3.11.17/Include -I/private/tmp/sleepedf-python-patch-20261008/Python-3.11.17 -c /private/tmp/sleepedf-python-patch-20261008/Python-3.11.17/Modules/termios.c -o build/temp.macosx-26.6-arm64-3.11/private/tmp/sleepedf-python-patch-20261008/Python-3.11.17/Modules/termios.o
building 'resource' extension
/usr/bin/clang -bundle -undefined dynamic_lookup -O2 build/temp.macosx-26.6-arm64-3.11/private/tmp/sleepedf-python-patch-20261008/Python-3.11.17/Modules/_dbmmodule.o -o build/lib.macosx-26.6-arm64-3.11/_dbm.cpython-311-darwin.so
/usr/bin/clang -DNDEBUG -g -fwrapv -O3 -Wall -O2 -O2 -std=c11 -Werror=implicit-function-declaration -fvisibility=hidden -I./Include/internal -I./Include -I. -I/private/tmp/sleepedf-python-patch-20261008/Python-3.11.17/Include -I/private/tmp/sleepedf-python-patch-20261008/Python-3.11.17 -c /private/tmp/sleepedf-python-patch-20261008/Python-3.11.17/Modules/resource.c -o build/temp.macosx-26.6-arm64-3.11/private/tmp/sleepedf-python-patch-20261008/Python-3.11.17/Modules/resource.o
building '_scproxy' extension
/usr/bin/clang -DNDEBUG -g -fwrapv -O3 -Wall -O2 -O2 -std=c11 -Werror=implicit-function-declaration -fvisibility=hidden -I./Include/internal -I./Include -I. -I/private/tmp/sleepedf-python-patch-20261008/Python-3.11.17/Include -I/private/tmp/sleepedf-python-patch-20261008/Python-3.11.17 -c /private/tmp/sleepedf-python-patch-20261008/Python-3.11.17/Modules/_scproxy.c -o build/temp.macosx-26.6-arm64-3.11/private/tmp/sleepedf-python-patch-20261008/Python-3.11.17/Modules/_scproxy.o
/usr/bin/clang -bundle -undefined dynamic_lookup -O2 build/temp.macosx-26.6-arm64-3.11/private/tmp/sleepedf-python-patch-20261008/Python-3.11.17/Modules/sha256module.o -o build/lib.macosx-26.6-arm64-3.11/_sha256.cpython-311-darwin.so
/usr/bin/clang -DNDEBUG -g -fwrapv -O3 -Wall -O2 -O2 -std=c11 -Werror=implicit-function-declaration -fvisibility=hidden -I./Include/internal -I/opt/homebrew/Cellar/libb2/0.98.1/include -I./Include -I. -I/private/tmp/sleepedf-python-patch-20261008/Python-3.11.17/Include -I/private/tmp/sleepedf-python-patch-20261008/Python-3.11.17 -c /private/tmp/sleepedf-python-patch-20261008/Python-3.11.17/Modules/_blake2/blake2s_impl.c -o build/temp.macosx-26.6-arm64-3.11/private/tmp/sleepedf-python-patch-20261008/Python-3.11.17/Modules/_blake2/blake2s_impl.o
/usr/bin/clang -DNDEBUG -g -fwrapv -O3 -Wall -O2 -O2 -std=c11 -Werror=implicit-function-declaration -fvisibility=hidden -I./Include/internal -I./Modules/_sqlite -I./Include -I. -I/private/tmp/sleepedf-python-patch-20261008/Python-3.11.17/Include -I/private/tmp/sleepedf-python-patch-20261008/Python-3.11.17 -c /private/tmp/sleepedf-python-patch-20261008/Python-3.11.17/Modules/_sqlite/connection.c -o build/temp.macosx-26.6-arm64-3.11/private/tmp/sleepedf-python-patch-20261008/Python-3.11.17/Modules/_sqlite/connection.o
building 'nis' extension
/usr/bin/clang -DNDEBUG -g -fwrapv -O3 -Wall -O2 -O2 -std=c11 -Werror=implicit-function-declaration -fvisibility=hidden -I./Include/internal -I./Include -I. -I/private/tmp/sleepedf-python-patch-20261008/Python-3.11.17/Include -I/private/tmp/sleepedf-python-patch-20261008/Python-3.11.17 -c /private/tmp/sleepedf-python-patch-20261008/Python-3.11.17/Modules/nismodule.c -o build/temp.macosx-26.6-arm64-3.11/private/tmp/sleepedf-python-patch-20261008/Python-3.11.17/Modules/nismodule.o
building 'zlib' extension
/usr/bin/clang -DNDEBUG -g -fwrapv -O3 -Wall -O2 -O2 -std=c11 -Werror=implicit-function-declaration -fvisibility=hidden -I./Include/internal -I./Include -I. -I/private/tmp/sleepedf-python-patch-20261008/Python-3.11.17/Include -I/private/tmp/sleepedf-python-patch-20261008/Python-3.11.17 -c /private/tmp/sleepedf-python-patch-20261008/Python-3.11.17/Modules/zlibmodule.c -o build/temp.macosx-26.6-arm64-3.11/private/tmp/sleepedf-python-patch-20261008/Python-3.11.17/Modules/zlibmodule.o
building 'binascii' extension
/usr/bin/clang -DNDEBUG -g -fwrapv -O3 -Wall -O2 -O2 -std=c11 -Werror=implicit-function-declaration -fvisibility=hidden -I./Include/internal -DUSE_ZLIB_CRC32 -I./Include -I. -I/private/tmp/sleepedf-python-patch-20261008/Python-3.11.17/Include -I/private/tmp/sleepedf-python-patch-20261008/Python-3.11.17 -c /private/tmp/sleepedf-python-patch-20261008/Python-3.11.17/Modules/binascii.c -o build/temp.macosx-26.6-arm64-3.11/private/tmp/sleepedf-python-patch-20261008/Python-3.11.17/Modules/binascii.o
/usr/bin/clang -bundle -undefined dynamic_lookup -O2 build/temp.macosx-26.6-arm64-3.11/private/tmp/sleepedf-python-patch-20261008/Python-3.11.17/Modules/_cursesmodule.o -lncurses -o build/lib.macosx-26.6-arm64-3.11/_curses.cpython-311-darwin.so
/usr/bin/clang -bundle -undefined dynamic_lookup -O2 build/temp.macosx-26.6-arm64-3.11/private/tmp/sleepedf-python-patch-20261008/Python-3.11.17/Modules/resource.o -o build/lib.macosx-26.6-arm64-3.11/resource.cpython-311-darwin.so
building '_bz2' extension
/usr/bin/clang -DNDEBUG -g -fwrapv -O3 -Wall -O2 -O2 -std=c11 -Werror=implicit-function-declaration -fvisibility=hidden -I./Include/internal -I./Include -I. -I/private/tmp/sleepedf-python-patch-20261008/Python-3.11.17/Include -I/private/tmp/sleepedf-python-patch-20261008/Python-3.11.17 -c /private/tmp/sleepedf-python-patch-20261008/Python-3.11.17/Modules/_bz2module.c -o build/temp.macosx-26.6-arm64-3.11/private/tmp/sleepedf-python-patch-20261008/Python-3.11.17/Modules/_bz2module.o
/usr/bin/clang -bundle -undefined dynamic_lookup -O2 build/temp.macosx-26.6-arm64-3.11/private/tmp/sleepedf-python-patch-20261008/Python-3.11.17/Modules/termios.o -o build/lib.macosx-26.6-arm64-3.11/termios.cpython-311-darwin.so
building '_lzma' extension
/usr/bin/clang -DNDEBUG -g -fwrapv -O3 -Wall -O2 -O2 -std=c11 -Werror=implicit-function-declaration -fvisibility=hidden -I./Include/internal -I/opt/homebrew/Cellar/xz/5.8.3/include -I./Include -I. -I/private/tmp/sleepedf-python-patch-20261008/Python-3.11.17/Include -I/private/tmp/sleepedf-python-patch-20261008/Python-3.11.17 -c /private/tmp/sleepedf-python-patch-20261008/Python-3.11.17/Modules/_lzmamodule.c -o build/temp.macosx-26.6-arm64-3.11/private/tmp/sleepedf-python-patch-20261008/Python-3.11.17/Modules/_lzmamodule.o
/usr/bin/clang -bundle -undefined dynamic_lookup -O2 build/temp.macosx-26.6-arm64-3.11/private/tmp/sleepedf-python-patch-20261008/Python-3.11.17/Modules/_blake2/blake2b_impl.o build/temp.macosx-26.6-arm64-3.11/private/tmp/sleepedf-python-patch-20261008/Python-3.11.17/Modules/_blake2/blake2module.o build/temp.macosx-26.6-arm64-3.11/private/tmp/sleepedf-python-patch-20261008/Python-3.11.17/Modules/_blake2/blake2s_impl.o -L/opt/homebrew/Cellar/libb2/0.98.1/lib -lb2 -o build/lib.macosx-26.6-arm64-3.11/_blake2.cpython-311-darwin.so
/usr/bin/clang -bundle -undefined dynamic_lookup -O2 build/temp.macosx-26.6-arm64-3.11/private/tmp/sleepedf-python-patch-20261008/Python-3.11.17/Modules/nismodule.o -o build/lib.macosx-26.6-arm64-3.11/nis.cpython-311-darwin.so
/usr/bin/clang -bundle -undefined dynamic_lookup -O2 build/temp.macosx-26.6-arm64-3.11/private/tmp/sleepedf-python-patch-20261008/Python-3.11.17/Modules/_scproxy.o -o build/lib.macosx-26.6-arm64-3.11/_scproxy.cpython-311-darwin.so -framework SystemConfiguration -framework CoreFoundation
building 'pyexpat' extension
/usr/bin/clang -DNDEBUG -g -fwrapv -O3 -Wall -O2 -O2 -std=c11 -Werror=implicit-function-declaration -fvisibility=hidden -I./Include/internal -I./Modules/expat -I./Include -I. -I/private/tmp/sleepedf-python-patch-20261008/Python-3.11.17/Include -I/private/tmp/sleepedf-python-patch-20261008/Python-3.11.17 -c /private/tmp/sleepedf-python-patch-20261008/Python-3.11.17/Modules/pyexpat.c -o build/temp.macosx-26.6-arm64-3.11/private/tmp/sleepedf-python-patch-20261008/Python-3.11.17/Modules/pyexpat.o
building '_elementtree' extension
/usr/bin/clang -DNDEBUG -g -fwrapv -O3 -Wall -O2 -O2 -std=c11 -Werror=implicit-function-declaration -fvisibility=hidden -I./Include/internal -I./Modules/expat -I./Include -I. -I/private/tmp/sleepedf-python-patch-20261008/Python-3.11.17/Include -I/private/tmp/sleepedf-python-patch-20261008/Python-3.11.17 -c /private/tmp/sleepedf-python-patch-20261008/Python-3.11.17/Modules/_elementtree.c -o build/temp.macosx-26.6-arm64-3.11/private/tmp/sleepedf-python-patch-20261008/Python-3.11.17/Modules/_elementtree.o
building '_multibytecodec' extension
creating build/temp.macosx-26.6-arm64-3.11/private/tmp/sleepedf-python-patch-20261008/Python-3.11.17/Modules/cjkcodecs
/usr/bin/clang -DNDEBUG -g -fwrapv -O3 -Wall -O2 -O2 -std=c11 -Werror=implicit-function-declaration -fvisibility=hidden -I./Include/internal -I./Include -I. -I/private/tmp/sleepedf-python-patch-20261008/Python-3.11.17/Include -I/private/tmp/sleepedf-python-patch-20261008/Python-3.11.17 -c /private/tmp/sleepedf-python-patch-20261008/Python-3.11.17/Modules/cjkcodecs/multibytecodec.c -o build/temp.macosx-26.6-arm64-3.11/private/tmp/sleepedf-python-patch-20261008/Python-3.11.17/Modules/cjkcodecs/multibytecodec.o
building '_codecs_kr' extension
/usr/bin/clang -DNDEBUG -g -fwrapv -O3 -Wall -O2 -O2 -std=c11 -Werror=implicit-function-declaration -fvisibility=hidden -I./Include/internal -I./Include -I. -I/private/tmp/sleepedf-python-patch-20261008/Python-3.11.17/Include -I/private/tmp/sleepedf-python-patch-20261008/Python-3.11.17 -c /private/tmp/sleepedf-python-patch-20261008/Python-3.11.17/Modules/cjkcodecs/_codecs_kr.c -o build/temp.macosx-26.6-arm64-3.11/private/tmp/sleepedf-python-patch-20261008/Python-3.11.17/Modules/cjkcodecs/_codecs_kr.o
/usr/bin/clang -bundle -undefined dynamic_lookup -O2 build/temp.macosx-26.6-arm64-3.11/private/tmp/sleepedf-python-patch-20261008/Python-3.11.17/Modules/_bz2module.o -lbz2 -o build/lib.macosx-26.6-arm64-3.11/_bz2.cpython-311-darwin.so
building '_codecs_jp' extension
/usr/bin/clang -DNDEBUG -g -fwrapv -O3 -Wall -O2 -O2 -std=c11 -Werror=implicit-function-declaration -fvisibility=hidden -I./Include/internal -I./Include -I. -I/private/tmp/sleepedf-python-patch-20261008/Python-3.11.17/Include -I/private/tmp/sleepedf-python-patch-20261008/Python-3.11.17 -c /private/tmp/sleepedf-python-patch-20261008/Python-3.11.17/Modules/cjkcodecs/_codecs_jp.c -o build/temp.macosx-26.6-arm64-3.11/private/tmp/sleepedf-python-patch-20261008/Python-3.11.17/Modules/cjkcodecs/_codecs_jp.o
/usr/bin/clang -bundle -undefined dynamic_lookup -O2 build/temp.macosx-26.6-arm64-3.11/private/tmp/sleepedf-python-patch-20261008/Python-3.11.17/Modules/_lzmamodule.o -L/opt/homebrew/Cellar/xz/5.8.3/lib -llzma -o build/lib.macosx-26.6-arm64-3.11/_lzma.cpython-311-darwin.so
/usr/bin/clang -bundle -undefined dynamic_lookup -O2 build/temp.macosx-26.6-arm64-3.11/private/tmp/sleepedf-python-patch-20261008/Python-3.11.17/Modules/binascii.o -lz -o build/lib.macosx-26.6-arm64-3.11/binascii.cpython-311-darwin.so
building '_codecs_cn' extension
/usr/bin/clang -DNDEBUG -g -fwrapv -O3 -Wall -O2 -O2 -std=c11 -Werror=implicit-function-declaration -fvisibility=hidden -I./Include/internal -I./Include -I. -I/private/tmp/sleepedf-python-patch-20261008/Python-3.11.17/Include -I/private/tmp/sleepedf-python-patch-20261008/Python-3.11.17 -c /private/tmp/sleepedf-python-patch-20261008/Python-3.11.17/Modules/cjkcodecs/_codecs_cn.c -o build/temp.macosx-26.6-arm64-3.11/private/tmp/sleepedf-python-patch-20261008/Python-3.11.17/Modules/cjkcodecs/_codecs_cn.o
building '_codecs_tw' extension
/usr/bin/clang -DNDEBUG -g -fwrapv -O3 -Wall -O2 -O2 -std=c11 -Werror=implicit-function-declaration -fvisibility=hidden -I./Include/internal -I./Modules/_sqlite -I./Include -I. -I/private/tmp/sleepedf-python-patch-20261008/Python-3.11.17/Include -I/private/tmp/sleepedf-python-patch-20261008/Python-3.11.17 -c /private/tmp/sleepedf-python-patch-20261008/Python-3.11.17/Modules/_sqlite/cursor.c -o build/temp.macosx-26.6-arm64-3.11/private/tmp/sleepedf-python-patch-20261008/Python-3.11.17/Modules/_sqlite/cursor.o
/usr/bin/clang -DNDEBUG -g -fwrapv -O3 -Wall -O2 -O2 -std=c11 -Werror=implicit-function-declaration -fvisibility=hidden -I./Include/internal -I./Include -I. -I/private/tmp/sleepedf-python-patch-20261008/Python-3.11.17/Include -I/private/tmp/sleepedf-python-patch-20261008/Python-3.11.17 -c /private/tmp/sleepedf-python-patch-20261008/Python-3.11.17/Modules/cjkcodecs/_codecs_tw.c -o build/temp.macosx-26.6-arm64-3.11/private/tmp/sleepedf-python-patch-20261008/Python-3.11.17/Modules/cjkcodecs/_codecs_tw.o
/usr/bin/clang -bundle -undefined dynamic_lookup -O2 build/temp.macosx-26.6-arm64-3.11/private/tmp/sleepedf-python-patch-20261008/Python-3.11.17/Modules/zlibmodule.o -lz -o build/lib.macosx-26.6-arm64-3.11/zlib.cpython-311-darwin.so
/usr/bin/clang -bundle -undefined dynamic_lookup -O2 build/temp.macosx-26.6-arm64-3.11/private/tmp/sleepedf-python-patch-20261008/Python-3.11.17/Modules/cjkcodecs/_codecs_kr.o -o build/lib.macosx-26.6-arm64-3.11/_codecs_kr.cpython-311-darwin.so
/usr/bin/clang -bundle -undefined dynamic_lookup -O2 build/temp.macosx-26.6-arm64-3.11/private/tmp/sleepedf-python-patch-20261008/Python-3.11.17/Modules/_ssl.o -L/opt/homebrew/opt/openssl@3/lib -lssl -lcrypto -o build/lib.macosx-26.6-arm64-3.11/_ssl.cpython-311-darwin.so
building '_codecs_hk' extension
/usr/bin/clang -DNDEBUG -g -fwrapv -O3 -Wall -O2 -O2 -std=c11 -Werror=implicit-function-declaration -fvisibility=hidden -I./Include/internal -I./Include -I. -I/private/tmp/sleepedf-python-patch-20261008/Python-3.11.17/Include -I/private/tmp/sleepedf-python-patch-20261008/Python-3.11.17 -c /private/tmp/sleepedf-python-patch-20261008/Python-3.11.17/Modules/cjkcodecs/_codecs_hk.c -o build/temp.macosx-26.6-arm64-3.11/private/tmp/sleepedf-python-patch-20261008/Python-3.11.17/Modules/cjkcodecs/_codecs_hk.o
/usr/bin/clang -bundle -undefined dynamic_lookup -O2 build/temp.macosx-26.6-arm64-3.11/private/tmp/sleepedf-python-patch-20261008/Python-3.11.17/Modules/cjkcodecs/multibytecodec.o -o build/lib.macosx-26.6-arm64-3.11/_multibytecodec.cpython-311-darwin.so
building '_codecs_iso2022' extension
/usr/bin/clang -DNDEBUG -g -fwrapv -O3 -Wall -O2 -O2 -std=c11 -Werror=implicit-function-declaration -fvisibility=hidden -I./Include/internal -I./Include -I. -I/private/tmp/sleepedf-python-patch-20261008/Python-3.11.17/Include -I/private/tmp/sleepedf-python-patch-20261008/Python-3.11.17 -c /private/tmp/sleepedf-python-patch-20261008/Python-3.11.17/Modules/cjkcodecs/_codecs_iso2022.c -o build/temp.macosx-26.6-arm64-3.11/private/tmp/sleepedf-python-patch-20261008/Python-3.11.17/Modules/cjkcodecs/_codecs_iso2022.o
building '_decimal' extension
creating build/temp.macosx-26.6-arm64-3.11/private/tmp/sleepedf-python-patch-20261008/Python-3.11.17/Modules/_decimal
/usr/bin/clang -DNDEBUG -g -fwrapv -O3 -Wall -O2 -O2 -std=c11 -Werror=implicit-function-declaration -fvisibility=hidden -I./Include/internal -DUNIVERSAL=1 -I./Modules/_decimal/libmpdec -I./Include -I. -I/private/tmp/sleepedf-python-patch-20261008/Python-3.11.17/Include -I/private/tmp/sleepedf-python-patch-20261008/Python-3.11.17 -c /private/tmp/sleepedf-python-patch-20261008/Python-3.11.17/Modules/_decimal/_decimal.c -o build/temp.macosx-26.6-arm64-3.11/private/tmp/sleepedf-python-patch-20261008/Python-3.11.17/Modules/_decimal/_decimal.o
/usr/bin/clang -bundle -undefined dynamic_lookup -O2 build/temp.macosx-26.6-arm64-3.11/private/tmp/sleepedf-python-patch-20261008/Python-3.11.17/Modules/cjkcodecs/_codecs_tw.o -o build/lib.macosx-26.6-arm64-3.11/_codecs_tw.cpython-311-darwin.so
building '_ctypes_test' extension
creating build/temp.macosx-26.6-arm64-3.11/private/tmp/sleepedf-python-patch-20261008/Python-3.11.17/Modules/_ctypes
/usr/bin/clang -DNDEBUG -g -fwrapv -O3 -Wall -O2 -O2 -std=c11 -Werror=implicit-function-declaration -fvisibility=hidden -I./Include/internal -I./Include -I. -I/private/tmp/sleepedf-python-patch-20261008/Python-3.11.17/Include -I/private/tmp/sleepedf-python-patch-20261008/Python-3.11.17 -c /private/tmp/sleepedf-python-patch-20261008/Python-3.11.17/Modules/_ctypes/_ctypes_test.c -o build/temp.macosx-26.6-arm64-3.11/private/tmp/sleepedf-python-patch-20261008/Python-3.11.17/Modules/_ctypes/_ctypes_test.o
building '_multiprocessing' extension
creating build/temp.macosx-26.6-arm64-3.11/private/tmp/sleepedf-python-patch-20261008/Python-3.11.17/Modules/_multiprocessing
/usr/bin/clang -DNDEBUG -g -fwrapv -O3 -Wall -O2 -O2 -std=c11 -Werror=implicit-function-declaration -fvisibility=hidden -I./Include/internal -I./Modules/_multiprocessing -I./Include -I. -I/private/tmp/sleepedf-python-patch-20261008/Python-3.11.17/Include -I/private/tmp/sleepedf-python-patch-20261008/Python-3.11.17 -c /private/tmp/sleepedf-python-patch-20261008/Python-3.11.17/Modules/_multiprocessing/multiprocessing.c -o build/temp.macosx-26.6-arm64-3.11/private/tmp/sleepedf-python-patch-20261008/Python-3.11.17/Modules/_multiprocessing/multiprocessing.o
/usr/bin/clang -bundle -undefined dynamic_lookup -O2 build/temp.macosx-26.6-arm64-3.11/private/tmp/sleepedf-python-patch-20261008/Python-3.11.17/Modules/cjkcodecs/_codecs_cn.o -o build/lib.macosx-26.6-arm64-3.11/_codecs_cn.cpython-311-darwin.so
/usr/bin/clang -bundle -undefined dynamic_lookup -O2 build/temp.macosx-26.6-arm64-3.11/private/tmp/sleepedf-python-patch-20261008/Python-3.11.17/Modules/pyexpat.o Modules/expat/libexpat.a -lm -o build/lib.macosx-26.6-arm64-3.11/pyexpat.cpython-311-darwin.so
/usr/bin/clang -bundle -undefined dynamic_lookup -O2 build/temp.macosx-26.6-arm64-3.11/private/tmp/sleepedf-python-patch-20261008/Python-3.11.17/Modules/cjkcodecs/_codecs_jp.o -o build/lib.macosx-26.6-arm64-3.11/_codecs_jp.cpython-311-darwin.so
/usr/bin/clang -DNDEBUG -g -fwrapv -O3 -Wall -O2 -O2 -std=c11 -Werror=implicit-function-declaration -fvisibility=hidden -I./Include/internal -I./Modules/_sqlite -I./Include -I. -I/private/tmp/sleepedf-python-patch-20261008/Python-3.11.17/Include -I/private/tmp/sleepedf-python-patch-20261008/Python-3.11.17 -c /private/tmp/sleepedf-python-patch-20261008/Python-3.11.17/Modules/_sqlite/microprotocols.c -o build/temp.macosx-26.6-arm64-3.11/private/tmp/sleepedf-python-patch-20261008/Python-3.11.17/Modules/_sqlite/microprotocols.o
/usr/bin/clang -bundle -undefined dynamic_lookup -O2 build/temp.macosx-26.6-arm64-3.11/private/tmp/sleepedf-python-patch-20261008/Python-3.11.17/Modules/cjkcodecs/_codecs_iso2022.o -o build/lib.macosx-26.6-arm64-3.11/_codecs_iso2022.cpython-311-darwin.so
/usr/bin/clang -bundle -undefined dynamic_lookup -O2 build/temp.macosx-26.6-arm64-3.11/private/tmp/sleepedf-python-patch-20261008/Python-3.11.17/Modules/cjkcodecs/_codecs_hk.o -o build/lib.macosx-26.6-arm64-3.11/_codecs_hk.cpython-311-darwin.so
building '_posixshmem' extension
/usr/bin/clang -DNDEBUG -g -fwrapv -O3 -Wall -O2 -O2 -std=c11 -Werror=implicit-function-declaration -fvisibility=hidden -I./Include/internal -I./Modules/_multiprocessing -I./Include -I. -I/private/tmp/sleepedf-python-patch-20261008/Python-3.11.17/Include -I/private/tmp/sleepedf-python-patch-20261008/Python-3.11.17 -c /private/tmp/sleepedf-python-patch-20261008/Python-3.11.17/Modules/_multiprocessing/posixshmem.c -o build/temp.macosx-26.6-arm64-3.11/private/tmp/sleepedf-python-patch-20261008/Python-3.11.17/Modules/_multiprocessing/posixshmem.o
/usr/bin/clang -bundle -undefined dynamic_lookup -O2 build/temp.macosx-26.6-arm64-3.11/private/tmp/sleepedf-python-patch-20261008/Python-3.11.17/Modules/_ctypes/_ctypes_test.o -lm -o build/lib.macosx-26.6-arm64-3.11/_ctypes_test.cpython-311-darwin.so
building '_uuid' extension
/usr/bin/clang -DNDEBUG -g -fwrapv -O3 -Wall -O2 -O2 -std=c11 -Werror=implicit-function-declaration -fvisibility=hidden -I./Include/internal -I./Include -I. -I/private/tmp/sleepedf-python-patch-20261008/Python-3.11.17/Include -I/private/tmp/sleepedf-python-patch-20261008/Python-3.11.17 -c /private/tmp/sleepedf-python-patch-20261008/Python-3.11.17/Modules/_uuidmodule.c -o build/temp.macosx-26.6-arm64-3.11/private/tmp/sleepedf-python-patch-20261008/Python-3.11.17/Modules/_uuidmodule.o
building 'xxlimited' extension
/usr/bin/clang -DNDEBUG -g -fwrapv -O3 -Wall -O2 -O2 -std=c11 -Werror=implicit-function-declaration -fvisibility=hidden -I./Include/internal -I./Include -I. -I/private/tmp/sleepedf-python-patch-20261008/Python-3.11.17/Include -I/private/tmp/sleepedf-python-patch-20261008/Python-3.11.17 -c /private/tmp/sleepedf-python-patch-20261008/Python-3.11.17/Modules/xxlimited.c -o build/temp.macosx-26.6-arm64-3.11/private/tmp/sleepedf-python-patch-20261008/Python-3.11.17/Modules/xxlimited.o
/usr/bin/clang -DNDEBUG -g -fwrapv -O3 -Wall -O2 -O2 -std=c11 -Werror=implicit-function-declaration -fvisibility=hidden -I./Include/internal -I./Modules/_multiprocessing -I./Include -I. -I/private/tmp/sleepedf-python-patch-20261008/Python-3.11.17/Include -I/private/tmp/sleepedf-python-patch-20261008/Python-3.11.17 -c /private/tmp/sleepedf-python-patch-20261008/Python-3.11.17/Modules/_multiprocessing/semaphore.c -o build/temp.macosx-26.6-arm64-3.11/private/tmp/sleepedf-python-patch-20261008/Python-3.11.17/Modules/_multiprocessing/semaphore.o
building 'xxlimited_35' extension
/usr/bin/clang -DNDEBUG -g -fwrapv -O3 -Wall -O2 -O2 -std=c11 -Werror=implicit-function-declaration -fvisibility=hidden -I./Include/internal -I./Include -I. -I/private/tmp/sleepedf-python-patch-20261008/Python-3.11.17/Include -I/private/tmp/sleepedf-python-patch-20261008/Python-3.11.17 -c /private/tmp/sleepedf-python-patch-20261008/Python-3.11.17/Modules/xxlimited_35.c -o build/temp.macosx-26.6-arm64-3.11/private/tmp/sleepedf-python-patch-20261008/Python-3.11.17/Modules/xxlimited_35.o
building '_ctypes' extension
/usr/bin/clang -bundle -undefined dynamic_lookup -O2 build/temp.macosx-26.6-arm64-3.11/private/tmp/sleepedf-python-patch-20261008/Python-3.11.17/Modules/_elementtree.o -o build/lib.macosx-26.6-arm64-3.11/_elementtree.cpython-311-darwin.so
/usr/bin/clang -DNDEBUG -g -fwrapv -O3 -Wall -O2 -O2 -std=c11 -Werror=implicit-function-declaration -fvisibility=hidden -I./Include/internal -I_ctypes/darwin -I/Library/Developer/CommandLineTools/SDKs/MacOSX.sdk/usr/include/ffi -I./Include -I. -I/private/tmp/sleepedf-python-patch-20261008/Python-3.11.17/Include -I/private/tmp/sleepedf-python-patch-20261008/Python-3.11.17 -c /private/tmp/sleepedf-python-patch-20261008/Python-3.11.17/Modules/_ctypes/_ctypes.c -o build/temp.macosx-26.6-arm64-3.11/private/tmp/sleepedf-python-patch-20261008/Python-3.11.17/Modules/_ctypes/_ctypes.o -DUSING_MALLOC_CLOSURE_DOT_C=1 -DMACOSX -DUSING_APPLE_OS_LIBFFI=1 -DHAVE_FFI_PREP_CIF_VAR=1 -DHAVE_FFI_PREP_CLOSURE_LOC=1 -DHAVE_FFI_CLOSURE_ALLOC=1
/usr/bin/clang -DNDEBUG -g -fwrapv -O3 -Wall -O2 -O2 -std=c11 -Werror=implicit-function-declaration -fvisibility=hidden -I./Include/internal -I./Modules/_sqlite -I./Include -I. -I/private/tmp/sleepedf-python-patch-20261008/Python-3.11.17/Include -I/private/tmp/sleepedf-python-patch-20261008/Python-3.11.17 -c /private/tmp/sleepedf-python-patch-20261008/Python-3.11.17/Modules/_sqlite/module.c -o build/temp.macosx-26.6-arm64-3.11/private/tmp/sleepedf-python-patch-20261008/Python-3.11.17/Modules/_sqlite/module.o
/usr/bin/clang -bundle -undefined dynamic_lookup -O2 build/temp.macosx-26.6-arm64-3.11/private/tmp/sleepedf-python-patch-20261008/Python-3.11.17/Modules/_uuidmodule.o -o build/lib.macosx-26.6-arm64-3.11/_uuid.cpython-311-darwin.so
/usr/bin/clang -bundle -undefined dynamic_lookup -O2 build/temp.macosx-26.6-arm64-3.11/private/tmp/sleepedf-python-patch-20261008/Python-3.11.17/Modules/_multiprocessing/posixshmem.o -o build/lib.macosx-26.6-arm64-3.11/_posixshmem.cpython-311-darwin.so
/usr/bin/clang -bundle -undefined dynamic_lookup -O2 build/temp.macosx-26.6-arm64-3.11/private/tmp/sleepedf-python-patch-20261008/Python-3.11.17/Modules/xxlimited.o -o build/lib.macosx-26.6-arm64-3.11/xxlimited.cpython-311-darwin.so
/usr/bin/clang -bundle -undefined dynamic_lookup -O2 build/temp.macosx-26.6-arm64-3.11/private/tmp/sleepedf-python-patch-20261008/Python-3.11.17/Modules/xxlimited_35.o -o build/lib.macosx-26.6-arm64-3.11/xxlimited_35.cpython-311-darwin.so
/usr/bin/clang -bundle -undefined dynamic_lookup -O2 build/temp.macosx-26.6-arm64-3.11/private/tmp/sleepedf-python-patch-20261008/Python-3.11.17/Modules/_multiprocessing/multiprocessing.o build/temp.macosx-26.6-arm64-3.11/private/tmp/sleepedf-python-patch-20261008/Python-3.11.17/Modules/_multiprocessing/semaphore.o -o build/lib.macosx-26.6-arm64-3.11/_multiprocessing.cpython-311-darwin.so
/private/tmp/sleepedf-python-patch-20261008/Python-3.11.17/Modules/_sqlite/module.c:123:10: warning: 'sqlite3_enable_shared_cache' is deprecated: first deprecated in macOS 10.7 - Not supported [-Wdeprecated-declarations]
  123 |     rc = sqlite3_enable_shared_cache(do_enable);
      |          ^
/Library/Developer/CommandLineTools/SDKs/MacOSX.sdk/usr/include/sqlite3.h:7223:16: note: 'sqlite3_enable_shared_cache' has been explicitly marked deprecated here
 7223 | SQLITE_API int sqlite3_enable_shared_cache(int);
      |                ^
1 warning generated.
/usr/bin/clang -DNDEBUG -g -fwrapv -O3 -Wall -O2 -O2 -std=c11 -Werror=implicit-function-declaration -fvisibility=hidden -I./Include/internal -I./Modules/_sqlite -I./Include -I. -I/private/tmp/sleepedf-python-patch-20261008/Python-3.11.17/Include -I/private/tmp/sleepedf-python-patch-20261008/Python-3.11.17 -c /private/tmp/sleepedf-python-patch-20261008/Python-3.11.17/Modules/_sqlite/prepare_protocol.c -o build/temp.macosx-26.6-arm64-3.11/private/tmp/sleepedf-python-patch-20261008/Python-3.11.17/Modules/_sqlite/prepare_protocol.o
/usr/bin/clang -DNDEBUG -g -fwrapv -O3 -Wall -O2 -O2 -std=c11 -Werror=implicit-function-declaration -fvisibility=hidden -I./Include/internal -I./Modules/_sqlite -I./Include -I. -I/private/tmp/sleepedf-python-patch-20261008/Python-3.11.17/Include -I/private/tmp/sleepedf-python-patch-20261008/Python-3.11.17 -c /private/tmp/sleepedf-python-patch-20261008/Python-3.11.17/Modules/_sqlite/row.c -o build/temp.macosx-26.6-arm64-3.11/private/tmp/sleepedf-python-patch-20261008/Python-3.11.17/Modules/_sqlite/row.o
/usr/bin/clang -DNDEBUG -g -fwrapv -O3 -Wall -O2 -O2 -std=c11 -Werror=implicit-function-declaration -fvisibility=hidden -I./Include/internal -I./Modules/_sqlite -I./Include -I. -I/private/tmp/sleepedf-python-patch-20261008/Python-3.11.17/Include -I/private/tmp/sleepedf-python-patch-20261008/Python-3.11.17 -c /private/tmp/sleepedf-python-patch-20261008/Python-3.11.17/Modules/_sqlite/statement.c -o build/temp.macosx-26.6-arm64-3.11/private/tmp/sleepedf-python-patch-20261008/Python-3.11.17/Modules/_sqlite/statement.o
/usr/bin/clang -DNDEBUG -g -fwrapv -O3 -Wall -O2 -O2 -std=c11 -Werror=implicit-function-declaration -fvisibility=hidden -I./Include/internal -I_ctypes/darwin -I/Library/Developer/CommandLineTools/SDKs/MacOSX.sdk/usr/include/ffi -I./Include -I. -I/private/tmp/sleepedf-python-patch-20261008/Python-3.11.17/Include -I/private/tmp/sleepedf-python-patch-20261008/Python-3.11.17 -c /private/tmp/sleepedf-python-patch-20261008/Python-3.11.17/Modules/_ctypes/callbacks.c -o build/temp.macosx-26.6-arm64-3.11/private/tmp/sleepedf-python-patch-20261008/Python-3.11.17/Modules/_ctypes/callbacks.o -DUSING_MALLOC_CLOSURE_DOT_C=1 -DMACOSX -DUSING_APPLE_OS_LIBFFI=1 -DHAVE_FFI_PREP_CIF_VAR=1 -DHAVE_FFI_PREP_CLOSURE_LOC=1 -DHAVE_FFI_CLOSURE_ALLOC=1
/usr/bin/clang -DNDEBUG -g -fwrapv -O3 -Wall -O2 -O2 -std=c11 -Werror=implicit-function-declaration -fvisibility=hidden -I./Include/internal -I./Modules/_sqlite -I./Include -I. -I/private/tmp/sleepedf-python-patch-20261008/Python-3.11.17/Include -I/private/tmp/sleepedf-python-patch-20261008/Python-3.11.17 -c /private/tmp/sleepedf-python-patch-20261008/Python-3.11.17/Modules/_sqlite/util.c -o build/temp.macosx-26.6-arm64-3.11/private/tmp/sleepedf-python-patch-20261008/Python-3.11.17/Modules/_sqlite/util.o
/usr/bin/clang -bundle -undefined dynamic_lookup -O2 build/temp.macosx-26.6-arm64-3.11/private/tmp/sleepedf-python-patch-20261008/Python-3.11.17/Modules/_sqlite/blob.o build/temp.macosx-26.6-arm64-3.11/private/tmp/sleepedf-python-patch-20261008/Python-3.11.17/Modules/_sqlite/connection.o build/temp.macosx-26.6-arm64-3.11/private/tmp/sleepedf-python-patch-20261008/Python-3.11.17/Modules/_sqlite/cursor.o build/temp.macosx-26.6-arm64-3.11/private/tmp/sleepedf-python-patch-20261008/Python-3.11.17/Modules/_sqlite/microprotocols.o build/temp.macosx-26.6-arm64-3.11/private/tmp/sleepedf-python-patch-20261008/Python-3.11.17/Modules/_sqlite/module.o build/temp.macosx-26.6-arm64-3.11/private/tmp/sleepedf-python-patch-20261008/Python-3.11.17/Modules/_sqlite/prepare_protocol.o build/temp.macosx-26.6-arm64-3.11/private/tmp/sleepedf-python-patch-20261008/Python-3.11.17/Modules/_sqlite/row.o build/temp.macosx-26.6-arm64-3.11/private/tmp/sleepedf-python-patch-20261008/Python-3.11.17/Modules/_sqlite/statement.o build/temp.macosx-26.6-arm64-3.11/private/tmp/sleepedf-python-patch-20261008/Python-3.11.17/Modules/_sqlite/util.o -lsqlite3 -o build/lib.macosx-26.6-arm64-3.11/_sqlite3.cpython-311-darwin.so
/usr/bin/clang -DNDEBUG -g -fwrapv -O3 -Wall -O2 -O2 -std=c11 -Werror=implicit-function-declaration -fvisibility=hidden -I./Include/internal -I_ctypes/darwin -I/Library/Developer/CommandLineTools/SDKs/MacOSX.sdk/usr/include/ffi -I./Include -I. -I/private/tmp/sleepedf-python-patch-20261008/Python-3.11.17/Include -I/private/tmp/sleepedf-python-patch-20261008/Python-3.11.17 -c /private/tmp/sleepedf-python-patch-20261008/Python-3.11.17/Modules/_ctypes/callproc.c -o build/temp.macosx-26.6-arm64-3.11/private/tmp/sleepedf-python-patch-20261008/Python-3.11.17/Modules/_ctypes/callproc.o -DUSING_MALLOC_CLOSURE_DOT_C=1 -DMACOSX -DUSING_APPLE_OS_LIBFFI=1 -DHAVE_FFI_PREP_CIF_VAR=1 -DHAVE_FFI_PREP_CLOSURE_LOC=1 -DHAVE_FFI_CLOSURE_ALLOC=1
/usr/bin/clang -bundle -undefined dynamic_lookup -O2 build/temp.macosx-26.6-arm64-3.11/private/tmp/sleepedf-python-patch-20261008/Python-3.11.17/Modules/_decimal/_decimal.o Modules/_decimal/libmpdec/libmpdec.a -lm -o build/lib.macosx-26.6-arm64-3.11/_decimal.cpython-311-darwin.so
/usr/bin/clang -DNDEBUG -g -fwrapv -O3 -Wall -O2 -O2 -std=c11 -Werror=implicit-function-declaration -fvisibility=hidden -I./Include/internal -I_ctypes/darwin -I/Library/Developer/CommandLineTools/SDKs/MacOSX.sdk/usr/include/ffi -I./Include -I. -I/private/tmp/sleepedf-python-patch-20261008/Python-3.11.17/Include -I/private/tmp/sleepedf-python-patch-20261008/Python-3.11.17 -c /private/tmp/sleepedf-python-patch-20261008/Python-3.11.17/Modules/_ctypes/cfield.c -o build/temp.macosx-26.6-arm64-3.11/private/tmp/sleepedf-python-patch-20261008/Python-3.11.17/Modules/_ctypes/cfield.o -DUSING_MALLOC_CLOSURE_DOT_C=1 -DMACOSX -DUSING_APPLE_OS_LIBFFI=1 -DHAVE_FFI_PREP_CIF_VAR=1 -DHAVE_FFI_PREP_CLOSURE_LOC=1 -DHAVE_FFI_CLOSURE_ALLOC=1
/usr/bin/clang -DNDEBUG -g -fwrapv -O3 -Wall -O2 -O2 -std=c11 -Werror=implicit-function-declaration -fvisibility=hidden -I./Include/internal -I_ctypes/darwin -I/Library/Developer/CommandLineTools/SDKs/MacOSX.sdk/usr/include/ffi -I./Include -I. -I/private/tmp/sleepedf-python-patch-20261008/Python-3.11.17/Include -I/private/tmp/sleepedf-python-patch-20261008/Python-3.11.17 -c /private/tmp/sleepedf-python-patch-20261008/Python-3.11.17/Modules/_ctypes/malloc_closure.c -o build/temp.macosx-26.6-arm64-3.11/private/tmp/sleepedf-python-patch-20261008/Python-3.11.17/Modules/_ctypes/malloc_closure.o -DUSING_MALLOC_CLOSURE_DOT_C=1 -DMACOSX -DUSING_APPLE_OS_LIBFFI=1 -DHAVE_FFI_PREP_CIF_VAR=1 -DHAVE_FFI_PREP_CLOSURE_LOC=1 -DHAVE_FFI_CLOSURE_ALLOC=1
/usr/bin/clang -DNDEBUG -g -fwrapv -O3 -Wall -O2 -O2 -std=c11 -Werror=implicit-function-declaration -fvisibility=hidden -I./Include/internal -I_ctypes/darwin -I/Library/Developer/CommandLineTools/SDKs/MacOSX.sdk/usr/include/ffi -I./Include -I. -I/private/tmp/sleepedf-python-patch-20261008/Python-3.11.17/Include -I/private/tmp/sleepedf-python-patch-20261008/Python-3.11.17 -c /private/tmp/sleepedf-python-patch-20261008/Python-3.11.17/Modules/_ctypes/stgdict.c -o build/temp.macosx-26.6-arm64-3.11/private/tmp/sleepedf-python-patch-20261008/Python-3.11.17/Modules/_ctypes/stgdict.o -DUSING_MALLOC_CLOSURE_DOT_C=1 -DMACOSX -DUSING_APPLE_OS_LIBFFI=1 -DHAVE_FFI_PREP_CIF_VAR=1 -DHAVE_FFI_PREP_CLOSURE_LOC=1 -DHAVE_FFI_CLOSURE_ALLOC=1
/usr/bin/clang -bundle -undefined dynamic_lookup -O2 build/temp.macosx-26.6-arm64-3.11/private/tmp/sleepedf-python-patch-20261008/Python-3.11.17/Modules/_ctypes/_ctypes.o build/temp.macosx-26.6-arm64-3.11/private/tmp/sleepedf-python-patch-20261008/Python-3.11.17/Modules/_ctypes/callbacks.o build/temp.macosx-26.6-arm64-3.11/private/tmp/sleepedf-python-patch-20261008/Python-3.11.17/Modules/_ctypes/callproc.o build/temp.macosx-26.6-arm64-3.11/private/tmp/sleepedf-python-patch-20261008/Python-3.11.17/Modules/_ctypes/cfield.o build/temp.macosx-26.6-arm64-3.11/private/tmp/sleepedf-python-patch-20261008/Python-3.11.17/Modules/_ctypes/malloc_closure.o build/temp.macosx-26.6-arm64-3.11/private/tmp/sleepedf-python-patch-20261008/Python-3.11.17/Modules/_ctypes/stgdict.o -lffi -ldl -o build/lib.macosx-26.6-arm64-3.11/_ctypes.cpython-311-darwin.so

The necessary bits to build these optional modules were not found:
_gdbm                 _tkinter                                 
To find the necessary bits, look in setup.py in detect_modules() for the module's name.

running build_scripts
creating build/scripts-3.11
copying and adjusting /private/tmp/sleepedf-python-patch-20261008/Python-3.11.17/Tools/scripts/pydoc3 -> build/scripts-3.11
copying and adjusting /private/tmp/sleepedf-python-patch-20261008/Python-3.11.17/Tools/scripts/idle3 -> build/scripts-3.11
copying and adjusting /private/tmp/sleepedf-python-patch-20261008/Python-3.11.17/Tools/scripts/2to3 -> build/scripts-3.11
changing mode of build/scripts-3.11/pydoc3 from 644 to 755
changing mode of build/scripts-3.11/idle3 from 644 to 755
changing mode of build/scripts-3.11/2to3 from 644 to 755
renaming build/scripts-3.11/pydoc3 to build/scripts-3.11/pydoc3.11
renaming build/scripts-3.11/idle3 to build/scripts-3.11/idle3.11
renaming build/scripts-3.11/2to3 to build/scripts-3.11/2to3-3.11
